Severity,Incident_ID,Reason,Product_Category,Status,Escalated_Date,Incident_Date,SCN_Sent_Date,Raised_Against,Organisation_Name,Seller_Organisation_Name,Product_ID,Incident_For,SCN_End_Date,Last_Modified_Role,Last_Modified_Date,Maker_Role,Type,Dept
Mild,2338354,Delay in payment post CRAC generation,3 Part Automated Hematology Analyzer (V2),In-Progress,--,13/02/2026,--,BUYER,FIELD UNIT AMBAJHARI,MERIL DIAGNOSTICS PRIVATE LIMITED,5116877-35929737181-cat,ORDER,--,SELLER,23/02/2026,--,all,diagno
Grave,2250361,Non-payment of Transaction Charges/AMC within prescribed timelines as per GeM revenue policy.,Fully Automatic Biochemistry Analyzer (V2),Closed,--,21/09/2025,21/09/2025,SELLER,-,MERIL DIAGNOSTICS PRIVATE LIMITED,--,ORDER,26/09/2025,SYSTEM,22/09/2025,--,all,diagno
Severe,2233870,Submission of Incorrect Shipment Details leading to auto CRAC/ SDAC generation - Clause 2.2 (ii) (For GeM),Biochemistry Reagent Kit (Open System),Closed,--,20/08/2025,--,SELLER,Military Hospital Kota,MERIL DIAGNOSTICS PRIVATE LIMITED,--,ORDER,--,SYSTEM,27/09/2025,--,all,diagno
Mild,2225549,Fails to update latest information status on GeM within the prescribed time limit,Biochemistry Reagent Kit (Close System),Rejected,--,07/08/2025,--,SELLER,WESTERN NAVAL COMMAND,MERIL DIAGNOSTICS PRIVATE LIMITED,5116877-86052703839-cat,CATALOG,--,PRODUCT ADMIN MANAGER,07/08/2025,--,all,diagno
Mild,2141033,Delay in mobilization of services,3 Part Automated Hematology Analyzer (V2),Closed,--,28/04/2025,--,SELLER,Nit Silchar,MERIL DIAGNOSTICS PRIVATE LIMITED,--,ORDER,--,BUYER,08/05/2025,--,all,diagno
Mild,2119308,Delay in payment post CRAC generation,Fully Automatic Biochemistry Analyzer (V2),TOOK_ACTION,--,24/03/2025,14/04/2025,BUYER,Government College Rajahmundry,MERIL DIAGNOSTICS PRIVATE LIMITED,--,ORDER,19/04/2025,--,25/04/2025,--,all,diagno
Grave,2073681,Non-payment of Transaction Charges/AMC within prescribed timelines as per GeM revenue policy.,Biochemistry Reagent Kits,Closed,--,21/01/2025,--,SELLER,-,MERIL DIAGNOSTICS PRIVATE LIMITED,--,ORDER,--,SYSTEM,22/01/2025,--,all,diagno
Mild,2035702,Listing the products/services not in the relevant categories and/or listing the same with vague/conflicting product specifications/details or irrelevant / false product image,HBsAg Rapid Test Kits,Rejected,--,10/12/2024,--,SELLER,District Women Hospital Sitapur,MERIL DIAGNOSTICS PRIVATE LIMITED,5116877-24604222076-cat,CATALOG,--,PRODUCT ADMIN MANAGER,13/12/2024,--,all,diagno
Mild,2035701,Offering discontinued or end of life products,HBsAg Rapid Test Kits,Rejected,--,10/12/2024,--,SELLER,District Women Hospital Sitapur,MERIL DIAGNOSTICS PRIVATE LIMITED,5116877-24604222076-cat,CATALOG,--,PRODUCT ADMIN MANAGER,13/12/2024,--,all,diagno
Serious,2035700,Mis-declaration of Maximum Retail Price (MRP),HBsAg Rapid Test Kits,Rejected,--,10/12/2024,--,SELLER,District Women Hospital Sitapur,MERIL DIAGNOSTICS PRIVATE LIMITED,5116877-24604222076-cat,CATALOG,--,PRODUCT ADMIN MANAGER,13/12/2024,--,all,diagno
Grave,2014031,Non-payment of Transaction Charges/AMC within prescribed timelines as per GeM revenue policy.,Fully Automatic Biochemistry Analyzer (V2),Closed,--,05/11/2024,--,SELLER,-,MERIL DIAGNOSTICS PRIVATE LIMITED,--,ORDER,--,SYSTEM,06/11/2024,--,all,diagno
Mild,1941093,"Delay in Delivery, as per contract",3 Part Automated Hematology Analyzer (V2),Closed,--,29/07/2024,--,SELLER,Central University of Tamilnadu Thiruvarur,MERIL DIAGNOSTICS PRIVATE LIMITED,--,ORDER,--,BUYER,31/07/2024,--,all,diagno
Mild,1938204,Offering discontinued or end of life products,HBsAg Rapid Test Kits,Rejected,--,25/07/2024,--,SELLER,BARABANKI,MERIL DIAGNOSTICS PRIVATE LIMITED,5116877-61466351305-cat,CATALOG,--,PRODUCT ADMIN MANAGER,29/07/2024,--,all,diagno
Mild,1920843,Delay in payment post CRAC generation,BOQ,TOOK_ACTION,--,29/06/2024,10/07/2024,BUYER,"National Health Mission, Up",MERIL DIAGNOSTICS PRIVATE LIMITED,--,ORDER,15/07/2024,--,21/07/2024,--,all,diagno
Mild,1920840,Delay in payment post CRAC generation,BOQ,TOOK_ACTION,--,29/06/2024,10/07/2024,BUYER,"National Health Mission, Up",MERIL DIAGNOSTICS PRIVATE LIMITED,--,ORDER,15/07/2024,--,21/07/2024,--,all,diagno
Mild,1920839,Delay in payment post CRAC generation,BOQ,Closed,--,29/06/2024,10/07/2024,BUYER,"National Health Mission, Up",MERIL DIAGNOSTICS PRIVATE LIMITED,--,ORDER,15/07/2024,ADMIN,13/08/2024,--,all,diagno
Mild,1905039,Delay in payment post CRAC generation,BOQ,TOOK_ACTION,--,07/06/2024,19/06/2024,BUYER,Agartala,MERIL DIAGNOSTICS PRIVATE LIMITED,--,ORDER,24/06/2024,--,26/07/2024,--,all,diagno
Mild,1840738,Offering discontinued or end of life products,HCV ELISA Test Kits,Rejected,--,07/03/2024,--,SELLER,--,MERIL DIAGNOSTICS PRIVATE LIMITED,5116877-83883914243-cat,CATALOG,--,PRODUCT ADMIN,14/03/2024,--,all,diagno
Mild,1815083,Offering discontinued or end of life products,HCV ELISA Test Kits,Rejected,--,14/02/2024,--,SELLER,--,MERIL DIAGNOSTICS PRIVATE LIMITED,5116877-83883914243-cat,CATALOG,--,PRODUCT ADMIN,15/02/2024,--,all,diagno
Serious,1717081,Listing the products/services not in the relevant categories and/or listing the same with vague/conflicting product specifications/details or irrelevant / false product image,Fully Automatic Bio Chemistry Analyzer,Closed,--,26/09/2023,20/10/2023,SELLER,--,BEACON DIAGNOSTICS PVT LTD,5116877-97981610934-cat,CATALOG,25/10/2023,ADMIN,23/10/2023,--,all,diagno
Grave,1693957,Mis-declaration of Maximum Retail Price (MRP),HBsAg ELISA Test Kits,Rejected,--,05/09/2023,--,SELLER,--,MERIL DIAGNOSTICS PRIVATE LIMITED,5116877-77747754898-cat,CATALOG,--,PRODUCT ADMIN,11/09/2023,--,all,diagno
Grave,1693956,Mis-declaration of Maximum Retail Price (MRP),HBsAg ELISA Test Kits,Rejected,--,05/09/2023,--,SELLER,--,MERIL DIAGNOSTICS PRIVATE LIMITED,5116877-79217895661-cat,CATALOG,--,PRODUCT ADMIN,18/09/2023,--,all,diagno
Grave,1693955,Mis-declaration of Maximum Retail Price (MRP),HBsAg ELISA Test Kits,Rejected,--,05/09/2023,--,SELLER,--,MERIL DIAGNOSTICS PRIVATE LIMITED,5116877-60556744931-cat,CATALOG,--,PRODUCT ADMIN,16/09/2023,--,all,diagno
Grave,1693954,Mis-declaration of Maximum Retail Price (MRP),HCV ELISA Test Kits,Rejected,--,05/09/2023,--,SELLER,--,MERIL DIAGNOSTICS PRIVATE LIMITED,5116877-85184766332-cat,CATALOG,--,PRODUCT ADMIN,18/09/2023,--,all,diagno
Grave,1691137,Mis-declaration of Maximum Retail Price (MRP),HCV ELISA Test Kits,Rejected,--,31/08/2023,--,SELLER,--,MERIL DIAGNOSTICS PRIVATE LIMITED,5116877-83883914243-cat,CATALOG,--,PRODUCT ADMIN,05/09/2023,--,all,diagno
Grave,1691136,Mis-declaration of Maximum Retail Price (MRP),HCV ELISA Test Kits,Rejected,--,31/08/2023,--,SELLER,--,MERIL DIAGNOSTICS PRIVATE LIMITED,5116877-51432922600-cat,CATALOG,--,PRODUCT ADMIN,05/09/2023,--,all,diagno
Grave,1691135,Mis-declaration of Maximum Retail Price (MRP),HCV ELISA Test Kits,Rejected,--,31/08/2023,--,SELLER,--,MERIL DIAGNOSTICS PRIVATE LIMITED,5116877-85184766332-cat,CATALOG,--,PRODUCT ADMIN,05/09/2023,--,all,diagno
Grave,1691134,Mis-declaration of Maximum Retail Price (MRP),HCV ELISA Test Kits,Rejected,--,31/08/2023,--,SELLER,--,MERIL DIAGNOSTICS PRIVATE LIMITED,5116877-38340806340-cat,CATALOG,--,PRODUCT ADMIN,05/09/2023,--,all,diagno
Grave,1691133,Mis-declaration of Maximum Retail Price (MRP),HCV ELISA Test Kits,Closed,--,31/08/2023,15/09/2023,SELLER,--,MERIL DIAGNOSTICS PRIVATE LIMITED,5116877-88917217871-cat,CATALOG,20/09/2023,ADMIN,19/09/2023,--,all,diagno
Grave,1689209,Non-payment of transaction charges within prescribed timelines as per GeM revenue policy.,Fully Automatic Bio Chemistry Analyzer,Closed,--,29/08/2023,--,SELLER,-,MERIL DIAGNOSTICS PRIVATE LIMITED,--,ORDER,--,SYSTEM,30/08/2023,--,all,diagno
Grave,1659587,Mis-declaration of Maximum Retail Price (MRP),HIV Rapid Test Kits,Rejected,--,12/08/2023,--,SELLER,--,MERIL DIAGNOSTICS PRIVATE LIMITED,5116877-12437860711-cat,CATALOG,--,PRODUCT ADMIN,17/08/2023,--,all,diagno
Grave,1657771,Mis-declaration of Maximum Retail Price (MRP),HCV ELISA Test Kits,Rejected,--,11/08/2023,--,SELLER,--,MERIL DIAGNOSTICS PRIVATE LIMITED,5116877-51432922600-cat,CATALOG,--,PRODUCT ADMIN,17/08/2023,--,all,diagno
Grave,1657770,Mis-declaration of Maximum Retail Price (MRP),HCV ELISA Test Kits,Closed,--,11/08/2023,25/08/2023,SELLER,--,MERIL DIAGNOSTICS PRIVATE LIMITED,5116877-30606980194-cat,CATALOG,30/08/2023,ADMIN,30/08/2023,--,all,diagno
Grave,1657769,Mis-declaration of Maximum Retail Price (MRP),HCV ELISA Test Kits,Closed,--,11/08/2023,25/08/2023,SELLER,--,MERIL DIAGNOSTICS PRIVATE LIMITED,5116877-38340806340-cat,CATALOG,30/08/2023,ADMIN,30/08/2023,--,all,diagno
Grave,1657768,Mis-declaration of Maximum Retail Price (MRP),HCV ELISA Test Kits,Closed,--,11/08/2023,25/08/2023,SELLER,--,MERIL DIAGNOSTICS PRIVATE LIMITED,5116877-88917217871-cat,CATALOG,30/08/2023,ADMIN,30/08/2023,--,all,diagno
Grave,1657767,Mis-declaration of Maximum Retail Price (MRP),HCV ELISA Test Kits,Rejected,--,11/08/2023,--,SELLER,--,MERIL DIAGNOSTICS PRIVATE LIMITED,5116877-85184766332-cat,CATALOG,--,PRODUCT ADMIN,18/08/2023,--,all,diagno
Grave,1654843,Mis-declaration of Maximum Retail Price (MRP),ELISA Testing Kits,Closed,--,08/08/2023,25/08/2023,SELLER,--,MERIL DIAGNOSTICS PRIVATE LIMITED,5116877-1186303454-cat,CATALOG,30/08/2023,ADMIN,30/08/2023,--,all,diagno
Grave,1654842,Mis-declaration of Maximum Retail Price (MRP),ELISA Testing Kits,Closed,--,08/08/2023,25/08/2023,SELLER,--,MERIL DIAGNOSTICS PRIVATE LIMITED,5116877-44764604635-cat,CATALOG,30/08/2023,ADMIN,30/08/2023,--,all,diagno
Grave,1654840,Mis-declaration of Maximum Retail Price (MRP),ELISA Testing Kits,Closed,--,08/08/2023,25/08/2023,SELLER,--,MERIL DIAGNOSTICS PRIVATE LIMITED,5116877-74793588205-cat,CATALOG,30/08/2023,ADMIN,30/08/2023,--,all,diagno
Grave,1651599,Mis-declaration of Maximum Retail Price (MRP),ELISA Testing Kits,Closed,--,03/08/2023,03/10/2023,SELLER,--,MERIL DIAGNOSTICS PRIVATE LIMITED,5116877-67862958481-cat,CATALOG,08/10/2023,ADMIN,04/10/2023,--,all,diagno
Grave,1651598,Mis-declaration of Maximum Retail Price (MRP),ELISA Testing Kits,Closed,--,03/08/2023,03/10/2023,SELLER,--,MERIL DIAGNOSTICS PRIVATE LIMITED,5116877-35243745380-cat,CATALOG,08/10/2023,ADMIN,04/10/2023,--,all,diagno
Serious,1635305,Delay in mobilization of services,Semi Automatic Bio Chemistry Analyser,Closed,--,18/07/2023,--,SELLER,OFFICE OF THE CDM  AND PHO SUNDARGARH,MERIL DIAGNOSTICS PRIVATE LIMITED,--,ORDER,--,SYSTEM,25/08/2023,--,all,diagno
Grave,1628844,Submission of fake documents or false statement,HCV ELISA Test Kits,Rejected,--,02/07/2023,--,SELLER,--,MERIL DIAGNOSTICS PRIVATE LIMITED,5116877-30606980194-cat,CATALOG,--,PRODUCT ADMIN,03/07/2023,--,all,diagno
Serious,1620525,Listing the products/services not in the relevant categories and/or listing the same with vague/conflicting product specifications/details or irrelevant / false product image,ELISA reader and washer,Rejected,--,09/06/2023,--,SELLER,--,Matrix Solution,5116877-87179150623-cat,CATALOG,--,PRODUCT ADMIN,13/06/2023,--,all,diagno
Grave,1616461,Registering with benami / fake identity or credentials,Point of Care Diagnostic Test Kits - HIV Rapid Test Kits,Rejected,--,29/05/2023,--,SELLER,--,MERIL DIAGNOSTICS PRIVATE LIMITED,5116877-35617824572-cat,CATALOG,--,PRODUCT ADMIN,07/06/2023,--,all,diagno
