Severity,Incident_ID,Reason,Product_Category,Status,Escalated_Date,Incident_Date,SCN_Sent_Date,Raised_Against,Organisation_Name,Seller_Organisation_Name,Product_ID,Incident_For,SCN_End_Date,Last_Modified_Role,Last_Modified_Date,Maker_Role
Grave,1693954,Mis-declaration of Maximum Retail Price (MRP),HCV ELISA Test Kits,Rejected,--,05/09/2023,--,SELLER,--,MERIL DIAGNOSTICS PRIVATE LIMITED,5116877-85184766332-cat,CATALOG,--,PRODUCT ADMIN,18/09/2023,--
Grave,1691137,Mis-declaration of Maximum Retail Price (MRP),HCV ELISA Test Kits,Rejected,--,31/08/2023,--,SELLER,--,MERIL DIAGNOSTICS PRIVATE LIMITED,5116877-83883914243-cat,CATALOG,--,PRODUCT ADMIN,05/09/2023,--
Grave,1691136,Mis-declaration of Maximum Retail Price (MRP),HCV ELISA Test Kits,Rejected,--,31/08/2023,--,SELLER,--,MERIL DIAGNOSTICS PRIVATE LIMITED,5116877-51432922600-cat,CATALOG,--,PRODUCT ADMIN,05/09/2023,--
Grave,1691135,Mis-declaration of Maximum Retail Price (MRP),HCV ELISA Test Kits,Rejected,--,31/08/2023,--,SELLER,--,MERIL DIAGNOSTICS PRIVATE LIMITED,5116877-85184766332-cat,CATALOG,--,PRODUCT ADMIN,05/09/2023,--
Grave,1691134,Mis-declaration of Maximum Retail Price (MRP),HCV ELISA Test Kits,Rejected,--,31/08/2023,--,SELLER,--,MERIL DIAGNOSTICS PRIVATE LIMITED,5116877-38340806340-cat,CATALOG,--,PRODUCT ADMIN,05/09/2023,--
Grave,1659587,Mis-declaration of Maximum Retail Price (MRP),HIV Rapid Test Kits,Rejected,--,12/08/2023,--,SELLER,--,MERIL DIAGNOSTICS PRIVATE LIMITED,5116877-12437860711-cat,CATALOG,--,PRODUCT ADMIN,17/08/2023,--
Grave,1657771,Mis-declaration of Maximum Retail Price (MRP),HCV ELISA Test Kits,Rejected,--,11/08/2023,--,SELLER,--,MERIL DIAGNOSTICS PRIVATE LIMITED,5116877-51432922600-cat,CATALOG,--,PRODUCT ADMIN,17/08/2023,--
Grave,1657767,Mis-declaration of Maximum Retail Price (MRP),HCV ELISA Test Kits,Rejected,--,11/08/2023,--,SELLER,--,MERIL DIAGNOSTICS PRIVATE LIMITED,5116877-85184766332-cat,CATALOG,--,PRODUCT ADMIN,18/08/2023,--
Grave,1628844,Submission of fake documents or false statement,HCV ELISA Test Kits,Rejected,--,02/07/2023,--,SELLER,--,MERIL DIAGNOSTICS PRIVATE LIMITED,5116877-30606980194-cat,CATALOG,--,PRODUCT ADMIN,03/07/2023,--
Serious,1620525,Listing the products/services not in the relevant categories and/or listing the same with vague/conflicting product specifications/details or irrelevant / false product image,ELISA reader and washer,Rejected,--,09/06/2023,--,SELLER,--,Matrix Solution,5116877-87179150623-cat,CATALOG,--,PRODUCT ADMIN,13/06/2023,--
