s_no,tender_id,tender_refno,organisation_name,tender_title,estimated_value,bid_closure_date,documents,dept,filter_status,filter_reason
1,332935,01/2026-2027,HFW-General Hospital - Mehsana,PURCHASE OF Laboratory Items AT GENERAL HOSPITAL MEHSANA. Year 2026-28,,31-08-2026 18:00:00,,Diagno,proceed_futher,"[2nd-pass CONFIRMED] The tender is for purchase of laboratory items, which aligns with Meril Diagno's IVD diagnostic product range.  [Category: Analyzers]"
1,332935,01/2026-2027,HFW-General Hospital - Mehsana,PURCHASE OF Laboratory Items AT GENERAL HOSPITAL MEHSANA. Year 2026-28,,31-08-2026 18:00:00,Tender doc laboratory items.pdf; Lab Kit for tender 28-07-2026.xlsx; N Procurement tender advertisement.pdf,Diagno,proceed_futher,"[2nd-pass CONFIRMED] The tender lists biochemistry reagent kits (glucose, urea, creatinine, bilirubin, SGOT/SGPT) which match Meril Diagno biochemistry product categories.  [Category: Biochemistry]"
1,332935,01/2026-2027,HFW-General Hospital - Mehsana,PURCHASE OF Laboratory Items AT GENERAL HOSPITAL MEHSANA. Year 2026-28,,31-08-2026 18:00:00,Tender doc laboratory items.pdf; Lab Kit for tender 28-07-2026.xlsx; N Procurement tender advertisement.pdf,Diagno,proceed_futher,"[2nd-pass CONFIRMED] The tender lists multiple laboratory reagents and test kits (e.g., blood urea, creatinine, bilirubin, SGPT/SGOT, PT/APTT controls) that fall under Meril Diagno's biochemistry and coagulation reagent categories.  [Category: Biochemistry Reagents]"
1,332936,01/2026-2027,HFW-General Hospital - Mehsana,"Purchase of Surgical Items at General Hospital, Mehsana For Year 2026-2028",,31-08-2026 18:00:00,Response sheet and surgical list.xlsx; N Procurement tender advertisement.pdf; Tender doc Surgical.pdf,Endo,proceed_futher,"[2nd-pass CONFIRMED] The tender lists multiple absorbable and non‑absorbable surgical sutures (e.g., Catgut, Chromic Catgut, Polyglactin 910, Polyglycolic acid, Silk, Polyamide) which are part of Meril Endo's product portfolio.  [Category: Surgical sutures]"
1,332935,01/2026-2027,HFW-General Hospital - Mehsana,PURCHASE OF Laboratory Items AT GENERAL HOSPITAL MEHSANA. Year 2026-28,,31-08-2026 18:00:00,Tender doc laboratory items.pdf; Lab Kit for tender 28-07-2026.xlsx; N Procurement tender advertisement.pdf,Diagno,proceed_futher,"[2nd-pass CONFIRMED] The tender includes biochemistry reagents such as glucose, urea, creatinine, bilirubin, SGPT and SGOT kits, which match Meril Diagno's biochemistry product portfolio.  [Category: Biochemistry reagents]"
1,332935,01/2026-2027,HFW-General Hospital - Mehsana,PURCHASE OF Laboratory Items AT GENERAL HOSPITAL MEHSANA. Year 2026-28,,31-08-2026 18:00:00,Tender doc laboratory items.pdf; Lab Kit for tender 28-07-2026.xlsx; N Procurement tender advertisement.pdf,Diagno,proceed_futher,"[2nd-pass CONFIRMED] The tender includes biochemistry reagent kits (blood sugar, urea, creatinine, bilirubin, SGPT/SGOT) which match Meril Diagno's biochemistry product category.  [Category: Biochemistry reagents]"
1,332935,01/2026-2027,HFW-General Hospital - Mehsana,PURCHASE OF Laboratory Items AT GENERAL HOSPITAL MEHSANA. Year 2026-28,,31-08-2026 18:00:00,Tender doc laboratory items.pdf; Lab Kit for tender 28-07-2026.xlsx; N Procurement tender advertisement.pdf,Diagno,proceed_futher,"[2nd-pass CONFIRMED] Tender includes biochemistry reagents such as glucose, urea, creatinine, bilirubin, SGPT/SGOT, calcium and albumin kits, which match Meril Diagno's product categories.  [Category: Biochemistry]"
1,332936,01/2026-2027,HFW-General Hospital - Mehsana,"Purchase of Surgical Items at General Hospital, Mehsana For Year 2026-2028",,31-08-2026 18:00:00,Response sheet and surgical list.xlsx; N Procurement tender advertisement.pdf; Tender doc Surgical.pdf,Endo,proceed_futher,"[2nd-pass CONFIRMED] The tender requests surgical items including absorbable and non‑absorbable sutures (e.g., chromic catgut, polyglactin 910, polyglycolic acid, polyamide) that are part of Meril Endo's product range.  [Category: Surgical Sutures]"
1,329493,7(2026-27-28)Part 10 (Item no 3042 TO 3347),HFW-S.S.G Hospital- Vadodara,SUPPLY OF SURGICAL CONSUMABLE ITEMS & SUTURE MATERIALS Part 10 (Item no 3042 TO 3347),,18-08-2026 18:00:00,T and C Surgical items e tender-2026-27-28.pdf; LIST OF-E TENDER SURGICAL ITEMS-2026-27-28 (1).xls; Corrigendum-Surgical.PDF; New added items list-3042-3347 (1).xls; Surgical item tender.pdf,Endo,proceed_futher,"[2nd-pass CONFIRMED] The tender is for supply of surgical consumable items and suture materials, which matches Meril Endo's surgical sutures product line.  [Category: Surgical Sutures]"
1,329493,7(2026-27-28)Part 10 (Item no 3042 TO 3347),HFW-S.S.G Hospital- Vadodara,SUPPLY OF SURGICAL CONSUMABLE ITEMS & SUTURE MATERIALS Part 10 (Item no 3042 TO 3347),,18-08-2026 18:00:00,T and C Surgical items e tender-2026-27-28.pdf; LIST OF-E TENDER SURGICAL ITEMS-2026-27-28 (1).xls; Corrigendum-Surgical.PDF; New added items list-3042-3347 (1).xls; Surgical item tender.pdf,Endo,proceed_futher,"The title explicitly requests surgical consumables and suture materials, which match Meril Endo's suture product line.  [Category: Sutures]"
1,329493,7(2026-27-28)Part 10 (Item no 3042 TO 3347),HFW-S.S.G Hospital- Vadodara,SUPPLY OF SURGICAL CONSUMABLE ITEMS & SUTURE MATERIALS Part 10 (Item no 3042 TO 3347),,18-08-2026 18:00:00,T and C Surgical items e tender-2026-27-28.pdf; LIST OF-E TENDER SURGICAL ITEMS-2026-27-28 (1).xls; Corrigendum-Surgical.PDF; New added items list-3042-3347 (1).xls; Surgical item tender.pdf; Surgical item Corrigendum-3.pdf,Endo,proceed_futher,"The title explicitly requests surgical consumables and suture materials, which match Meril Endo's product line of sutures and related surgical items.  [Category: Sutures]"
1,329493,7(2026-27-28)Part 10 (Item no 3042 TO 3347),HFW-S.S.G Hospital- Vadodara,SUPPLY OF SURGICAL CONSUMABLE ITEMS & SUTURE MATERIALS Part 10 (Item no 3042 TO 3347),,18-08-2026 18:00:00,T and C Surgical items e tender-2026-27-28.pdf; LIST OF-E TENDER SURGICAL ITEMS-2026-27-28 (1).xls; Corrigendum-Surgical.PDF; New added items list-3042-3347 (1).xls; Surgical item tender.pdf; Surgical item Corrigendum-3.pdf,Endo,proceed_futher,"The tender explicitly seeks surgical consumable items and suture materials, which match Meril Endo's product range.  [Category: Sutures]"
