keyword,dept,s_no,e_published_date,closing_date,opening_date,tender_title,tender_refno,tender_id,state_name,filter_status,filter_reason
AAMI,360,1.,17-Jul-2026 05:00 PM,27-Jul-2026 06:00 PM,28-Jul-2026 10:00 AM,cC/O TILE LANE FROM M/R TO H/O AAMIR NAIKOO AT CHOTIGAM,Enit 50 of 2026-27,2026_RDPR_316469_19,Jammu and Kashmir,no,"The tender concerns civil construction of a tile lane, which has no relation to any Meril 360 Division product.  [Dept: Unknown]"
AAMI,360,2.,17-Jul-2026 12:00 PM,24-Jul-2026 12:00 PM,24-Jul-2026 12:30 PM,Operation of traffic through power varg motor boat during rainy season in place of Kudabharat pontoon bridge on Aami river in Gorakhpur District LOT 5 of 6,1441/1A Dated 09-07-2026,2026_CEGKP_1169764_5,Uttar Pradesh,no,The tender concerns civil works (boat operation for a pontoon bridge) with no relation to any Meril 360 medical products.  [Dept: Unknown]
AAMI,360,3.,15-Jul-2026 10:00 AM,28-Jul-2026 03:00 PM,29-Jul-2026 10:00 AM,Const of Flood protection wall near Land of Aamir Ahad Khan andAb. Ahad Khan at Nutnussa,NIT NO 57 OF 2026-27 ADF NATNUSSA,2026_RDPR_316055_24,Jammu and Kashmir,no,The tender is for construction of a flood protection wall (civil works) with no relation to any Meril 360 product.
AAMI,360,4.,13-Jul-2026 12:00 PM,03-Aug-2026 12:00 PM,04-Aug-2026 12:00 PM,WORK NO-27 110MM HDPE PIPE LINE BICHAYE JANE KA KARYA MOHALLA SHAHCHANDAN WARD NO-02 ME BASTA ROAD PAR FIROZ SHAHNAI MARRIGE HALL SE FIROZ KE MAKAN RAK 40 METER SAIEEDNAGAR ME AAMIR KI COLONY ME SHRI FAIEM KE MAKAN SE SHRIMATI NASREEN KE MAKAN,311/NPP-CHANDPUR 2026-27 DATE 08-07-2026,2026_DOLBU_1168113_27,Uttar Pradesh,no,"Tender is for civil HDPE pipeline construction, unrelated to any Meril 360 product.  [Dept: Unknown]"
ANSI,360,1.,21-Jul-2026 06:55 PM,27-Jul-2026 12:00 PM,28-Jul-2026 12:00 PM,Improvement of Gate at 254 Transit Camp tenaments in E Ward,MDB/1968 DTD. 08.07.2026,2026_MCGM_1319860_1,Maharashtra,no,The tender concerns civil works (gate improvement) with no relation to any Meril 360 product.
ANSI,360,2.,21-Jul-2026 06:00 PM,31-Jul-2026 02:00 PM,31-Jul-2026 03:00 PM,Ward no. 19 bhagwant pur me mansingh rana ke makan se amar singh rana ke makan tak CC interlocking or nali nirmad kary.,1026/N.V./2026-27,2026_DOLBU_1171243_3,Uttar Pradesh,no,The tender is for civil works (interlocking and drainage) unrelated to any Meril 360 product.
ANSI,360,3.,21-Jul-2026 06:00 PM,04-Aug-2026 06:00 PM,05-Aug-2026 02:00 PM,Macadamization of road from h/o mela Ram to H/o Bansi lal mohalla Chowkidaar Jadh (Pyt. Jadh). (Under Cities and Town 2026-27) (Ist Call),Short e-NIT No. 16 of 2026-2027/Khour Dated 21-07-2026,2026_PWDJK_317181_6,Jammu and Kashmir,no,"The tender is for road macadamization civil works, unrelated to any Meril 360 products.  [Dept: Unknown]"
ANSI,360,4.,21-Jul-2026 06:00 PM,28-Jul-2026 06:00 PM,29-Jul-2026 02:00 PM,Construction of P Work Mohalla Bansi Lal Bhagat ward no. 06 Pyt Gari Block Jij Bagli District Reasi under Capex Budget (PRI) for the year 2026-27.,e-NIT No. 54 of REW REASl of 2026-27,2026_RDPR_316792_9,Jammu and Kashmir,no,Tender is for civil construction work unrelated to any Meril 360 product.
ANSI,360,5.,21-Jul-2026 06:00 PM,05-Aug-2026 06:00 PM,07-Aug-2026 06:00 PM,Day to Day Operation and maintenance,PHE/AE/MSSD/eNIT_01/2026-2027,2026_PHED_1033495_17,West Bengal,no,Tender is for operation and maintenance of a water supply scheme (civil works) with no relation to any Meril 360 product.  [Dept: Unknown]
ANSI,360,6.,21-Jul-2026 06:00 PM,04-Aug-2026 06:00 PM,05-Aug-2026 10:00 AM,"Construction of crate work near the house of Bansi Lal Chander Mohan and others at Wno.3 and Construction of tile work and drain near the house of Manohar Singh, Arun Singh, Parshotam and others at Wno.3 Pyt Pargalta Block Nagrota Under PRI panchaya",e-NIT No. 193 REW J of 2026-27 dated 21-07-2026,2026_RDPR_316844_6,Jammu and Kashmir,no,"Tender is for civil construction (crate work, tile work, drainage) with no relation to any Meril 360 product.  [Dept: Unknown]"
ANSI,360,7.,21-Jul-2026 05:00 PM,28-Jul-2026 12:00 PM,29-Jul-2026 12:30 PM,"Proposed Two Yearly Civil, Electrical and Lift Reapiring and Maintanance of Transit Camp and Rental Housing bldg. on an annual basis in MBMC Area. (Two Yearly) (Panel System)",MBMC/PWD/Tender/14_01/25-26,2026_MBMC_1319544_1,Maharashtra,no,"Tender is for civil, electrical and lift maintenance works, unrelated to any Meril 360 product.  [Dept: Unknown]"
ANSI,360,8.,21-Jul-2026 05:00 PM,10-Aug-2026 11:00 AM,10-Aug-2026 02:00 PM,NP Amila SFC Yojana,285/NPA/15thcfc/2026-27 10,2026_DOLBU_1171334_1,Uttar Pradesh,no,The tender is for civil works (road construction) and has no relation to any Meril 360 Division medical products.
ANSI,360,9.,21-Jul-2026 04:00 PM,03-Aug-2026 05:00 PM,04-Aug-2026 11:00 AM,Expansion of UCCP based CCTV and ITMS system to Talcher Town,TCRM - 10 / 2026-27,2026_ORULB_136393_1,Odisha,no,"The tender concerns expansion of CCTV and ITMS infrastructure, which is unrelated to any Meril 360 product.  [Dept: Unknown]"
ANSI,360,10.,21-Jul-2026 02:00 PM,30-Jul-2026 11:00 AM,30-Jul-2026 12:00 PM,Construction work for the expansion of an existing public community hall in the Bairwa Basti of Village Chechat Gram Panchayat Chechat PS KHAIRABAD,NIT 2976 NIRMAN,2026_PRD_576172_12,Rajasthan,no,"The tender is for civil construction of a community hall, unrelated to any Meril 360 product.  [Dept: Unknown]"
ANSI,360,11.,21-Jul-2026 12:00 PM,27-Jul-2026 06:00 PM,28-Jul-2026 02:00 PM,interlock block kharanja may nali nirman karay dalpatsingh kalusingh ke ghar se vishansingh sardarsingh ke ghar tak,213,2026_PRD_576208_2,Rajasthan,no,"The tender concerns civil construction of a drainage pipeline, with no medical or infection-control items matching Meril 360 products.  [Dept: Unknown]"
ANSI,360,12.,21-Jul-2026 12:00 PM,27-Jul-2026 06:00 PM,28-Jul-2026 02:00 PM,interlock block kharanja may nali nirman karay mukhay sadak se ransingh sohansingh ke ghar tak,213,2026_PRD_576208_1,Rajasthan,no,The tender is for civil works (interlock block and pipeline construction) with no relation to any Meril 360 medical products.  [Dept: Unknown]
ANSI,360,13.,21-Jul-2026 10:40 AM,30-Jul-2026 12:00 PM,30-Jul-2026 04:00 PM,"HANDLING WORK FOR PADDY PURCHASE 2026-27 AND WHEAT PURCHASE 2027-28, CENTRE-BANSI-B, DISTRICT-SIDDHARTH NAGAR",903/HANDLING/18-07-2026,2026_DOFCS_1170953_83,Uttar Pradesh,no,"Tender is for handling work related to paddy and wheat purchase, unrelated to any Meril 360 product.  [Dept: Unknown]"
ANSI,360,14.,21-Jul-2026 10:30 AM,30-Jul-2026 12:00 PM,30-Jul-2026 04:00 PM,"HANDLING WORK FOR PADDY PURCHASE 2026-27 AND WHEAT PURCHASE 2027-28, CENTRE-BANSI-A, DISTRICT-SIDDHARTH NAGAR",903/HANDLING/18-07-2026,2026_DOFCS_1170953_82,Uttar Pradesh,no,"The tender concerns handling work for paddy and wheat purchases, unrelated to any Meril 360 medical products.  [Dept: Unknown]"
ANSI,360,15.,21-Jul-2026 10:00 AM,28-Jul-2026 03:00 PM,29-Jul-2026 03:30 PM,Housekeeping,3690(TN-1)/SE/DB/2026 - 1,2026_TANSI_686997_1,Tamil Nadu,no,"The tender is for housekeeping and technical manpower services, unrelated to any Meril 360 product.  [Dept: Unknown]"
ANSI,360,16.,21-Jul-2026 10:00 AM,28-Jul-2026 03:00 PM,29-Jul-2026 03:30 PM,Katpadi,3690(TN-1)/SE/DB/2026 - 2,2026_TANSI_687036_1,Tamil Nadu,no,The tender is for civil works (boundary wall and road construction) with no relation to any Meril 360 product.
ANSI,360,17.,21-Jul-2026 09:00 AM,29-Jul-2026 06:55 PM,31-Jul-2026 11:00 AM,"EXPANSION REPAIRS COLOURING AND DRAINAGE LINE TO CASULTY BUILDING AND AT S.G.G.S. CIVIL HOSPITAL , NANDED TQ AND DIST. NANDED",PWD/NANDED/2026-2027/ENo.07,2026_PWR_1319107_28,Maharashtra,no,"Tender is for civil construction (expansion, repairs, drainage) at a hospital, unrelated to any listed medical products."
ANSI,360,18.,21-Jul-2026 09:00 AM,03-Aug-2026 03:00 PM,04-Aug-2026 11:00 AM,Construction work of CC road from Muskan house to Mansingh house in Ward No. 05 Kumharheda.,6214 B,2026_NNSAH_1170449_1,Uttar Pradesh,no,"Tender is for civil road construction, unrelated to any Meril 360 products.  [Dept: Unknown]"
ANSI,360,19.,20-Jul-2026 06:45 PM,10-Aug-2026 11:00 AM,12-Aug-2026 11:00 AM,NIET_WBPHE_08_ND_26_27_GR5,WBPHE_08_ND_26_27_GR_I_TO_X,2026_PHED_1033220_5,West Bengal,no,"Tender concerns civil works for water supply pipelines, unrelated to any Meril 360 product.  [Dept: Unknown]"
ANSI,360,20.,20-Jul-2026 06:15 PM,27-Jul-2026 03:00 PM,27-Jul-2026 03:30 PM,"Expansion / Remodeling work at Acharya Shree Bhikshu Govt. Hospital at Moti Nagar, Delhi including Civil, Horticulture and Electrical Services. SH- Hiring of Inspection Vehicle for O/o EE, Health Maintenance Division (SW) M-123 (2026-27).",27/EE/HMD(S-W)/PWD/2026-27,2026_PWD_295636_1,NCT of Delhi,no,"The tender concerns civil, horticulture, and electrical works plus a vehicle hire for a government hospital, with no medical devices or related products listed.  [Dept: Unknown]"
ANSI,360,21.,20-Jul-2026 06:00 PM,05-Aug-2026 06:00 PM,06-Aug-2026 10:00 AM,CONSTRUCTION OF L D AT MOH BANSI UPPAL W NO 4 MOH GHARU RAM CHELDA SHUBAM KUMAR W NO 6 PYT BARDOH Block SAMWAN UNDER ABDP CAPEX BUDGET FOR THE YEAR 2026-27 (Panchayat Level),e-NIT No. 202 REW J of 2026-27 dated 20-07-2026,2026_RDPR_316832_12,Jammu and Kashmir,no,"Tender is for construction civil works of rural infrastructure, unrelated to any Meril 360 product.  [Dept: Unknown]"
ANSI,360,22.,20-Jul-2026 06:00 PM,27-Jul-2026 06:00 PM,28-Jul-2026 02:00 PM,Const. of lane from Yashpal house to Bansi Lal House W No.4 Pyt Sirakotla Pyt Sirakotla Block Panthal Distt Reasi under capex PRI for the year 2026-27,e-NIT No. 52 of REW REASl of 2026-27,2026_RDPR_316657_22,Jammu and Kashmir,no,The tender concerns construction of a lane (civil works) with no relation to any Meril 360 product.  [Dept: Unknown]
ANSI,360,23.,20-Jul-2026 05:30 PM,27-Jul-2026 04:00 PM,29-Jul-2026 04:00 PM,"Insatallation of 12 WATT and 2200 Lumiesns All In One LED Street Solar at Sadargachh 2 Sansad different locations of Bidhannagr 2 Gram Panchayat Area,Bidhannagar 2 GP within Phansidewa Development Block Darjeeling",NleT-02/BDNIIGP/2026-27,2026_ZPHD_1033367_1,West Bengal,no,"Tender is for civil works installing LED street solar lights, unrelated to any Meril 360 product.  [Dept: Unknown]"
ANSI,360,24.,20-Jul-2026 05:02 PM,27-Jul-2026 11:00 AM,27-Jul-2026 11:01 AM,Drilling of new bore well,59/UB/GHMC/2026-27,718196,Telangana,no,"The tender concerns drilling a borewell and supplying a submersible pump, unrelated to any Meril 360 products.  [Dept: Unknown]"
ANSI,360,25.,20-Jul-2026 05:00 PM,27-Jul-2026 10:00 AM,27-Jul-2026 11:30 AM,"Provision of Temporary Tensile and Framed Shelter Infra for pilgrim Congregation/Pilgrim Transit Shelter and support Infra for Temple Trust Shri Naina Devi ji,Distt. Bilaspur (H.P.)",No.TTSND.Cons (T)-3763-74 dt 14-07-2026,2026_NDTT_139483_1,Himachal Pradesh,no,Tender is for civil works (temporary shelter infrastructure) unrelated to any Meril 360 product.  [Dept: Unknown]
ANSI,360,26.,20-Jul-2026 05:00 PM,03-Aug-2026 12:00 PM,03-Aug-2026 04:00 PM,"PADDY PURCHASE 2026-27 AND WHEAT PURCHASE 2027-28 TRANSPORT WORK FOR PROCUREMENT CENTRE/CLUSTER-BANSI, DISTRICT-SIDDHARTH NAGAR",902/TRANSPORT/18-07-2026,2026_DOFCS_1170886_134,Uttar Pradesh,no,Tender concerns procurement and transport of agricultural commodities (paddy and wheat) with no relation to any Meril 360 product.  [Dept: Unknown]
ANSI,360,27.,20-Jul-2026 04:49 PM,23-Jul-2026 05:00 PM,23-Jul-2026 05:01 PM,Drilling of new bore well,96/UB/GHMC/2026-27,718188,Telangana,no,"Tender is for drilling a bore well and supplying a submersible pump, unrelated to any Meril 360 product.  [Dept: Unknown]"
ANSI,360,28.,20-Jul-2026 04:00 PM,28-Jul-2026 12:00 PM,28-Jul-2026 12:30 PM,Renewal work with general repairs at Km 1 2 3 4 5 6 and 7 of Herapura Budpura ODR in Jhansi district,5404/44C-Jhs.Cir/2026-27 Date 17.07.2026,2026_CEJNS_1171054_1,Uttar Pradesh,no,"The tender concerns civil road repair works, unrelated to any Meril 360 product.  [Dept: Unknown]"
ANSI,360,29.,20-Jul-2026 03:00 PM,27-Jul-2026 03:00 PM,27-Jul-2026 04:00 PM,Ward-07 Construction of RCC drain from Shiv Swayamvar Banquet Hall via Naina Mansion to BDA Colony turn till Dr. Priyanka Hospital.,213/CE/CD/NNB/26-27 (1 To 7) Sr No 7 Tender List 7 Date-18.07.2026,2026_DOLBU_1170962_1,Uttar Pradesh,no,"The tender is for civil construction of an RCC drain, unrelated to any Meril 360 Division products.  [Dept: Unknown]"
ANSI,360,30.,20-Jul-2026 01:00 PM,27-Jul-2026 04:00 PM,28-Jul-2026 10:00 AM,"Attending repair works to the expansion joints, RCC sunshades, lintels, fins, parapet and pressed clay tiles at the Southern block and connecting corridors and improvements works to the Internal Roads at Perunthalaivar Kamarajar College of Education,",08-01/PW/BRK/2026-27,2026_PWDC3_22612_1,Puducherry UT,no,"The tender concerns civil construction repair works for a college building, with no relation to any Meril 360 Division medical products.  [Dept: Unknown]"
ANSI,360,31.,20-Jul-2026 10:30 AM,04-Aug-2026 03:00 PM,05-Aug-2026 03:30 PM,"SUPPLY, ERECTION AND COMMISSIONING OF 1 NO OF DIRECT EXPANSION TYPE 5 KL CAPACITY BULK MILK COOLER, GENSET, VFD AND ITS ACCESSORIES FORVILLUPURAMDCMPU LTD UNDER NPDD SCHEME FOR THE YEAR 2025-26",507/NPDD BMC/2026,2026_TCMPF_686630_1,Tamil Nadu,no,"Tender is for supply, erection and commissioning of a bulk milk cooler, generator set and VFD, unrelated to any Meril 360 product.  [Dept: Unknown]"
ANSI,360,32.,20-Jul-2026 10:00 AM,07-Aug-2026 06:00 PM,08-Aug-2026 10:00 AM,"Construction of lane drain with tiles NHO Bansi lal to vijay kumar and drain from Puran chand house to nallah w.no.4 and repair renovation of lane drain MS Dugli to Shiv mandir w.no.6 , Under Capex PRI ,Pyt - Padanoo ,Block Udhampur, RDD for the year",e-NIT No. 61 REW UDHAMPUR of 2026-27 Dated 18-07-2026,2026_RDPR_316691_2,Jammu and Kashmir,no,"The tender is for civil construction of lane drains, unrelated to any Meril 360 product.  [Dept: Unknown]"
ANSI,360,33.,20-Jul-2026 10:00 AM,07-Aug-2026 06:00 PM,08-Aug-2026 10:00 AM,"Const of LANE DRAIN with tiles from PMGSY road to Bodh Raj house w.no. 2 and constt of lane from road to Romesh kumar house w.no.3 and constt of lane drain from chak road to Bansi lal house , Under Capex PRI ,Pyt - Padanoo ,Block Udhampur, RDD for th",e-NIT No. 61 REW UDHAMPUR of 2026-27 Dated 18-07-2026,2026_RDPR_316691_3,Jammu and Kashmir,no,"The tender is for civil construction of lane drains and roads, with no relation to any listed medical or infection‑prevention products.  [Dept: Unknown]"
ANSI,360,34.,20-Jul-2026 10:00 AM,27-Jul-2026 05:35 PM,29-Jul-2026 11:00 AM,"SC work of RC Buildings known as Kanchwala, Chirag mansion,Guruchhaya, Indraprastha, Yashomandir, Sankalp Siddhi, Indian House, Vaibhav, Neel Kamal, Rangari Chawl,having i.e 595 all Tenements and Shops area under D 2 Ward. (2nd Call)",EE/D2/RR/2290/2026,2026_MHADA_1319117_1,Maharashtra,no,"Tender is for civil construction of RC buildings, unrelated to any Meril 360 product.  [Dept: Unknown]"
ANSI,360,35.,20-Jul-2026 10:00 AM,27-Jul-2026 12:00 PM,27-Jul-2026 01:00 PM,"Stone Lining work from 5.65 km to 5.75 km at Main Canal of Badagaon Pump Canal, District Jhansi",07/LCDJ/EE/2026-27,2026_UPIDM_1170148_2,Uttar Pradesh,no,"Tender is for civil stone lining work on an irrigation canal, unrelated to any Meril 360 product.  [Dept: Unknown]"
ANSI,360,36.,20-Jul-2026 10:00 AM,27-Jul-2026 12:00 PM,27-Jul-2026 01:00 PM,"Stone Lining work from 3.60 km to 3.70 km at Main Canal of Badagaon Pump Canal, District Jhansi",07/LCDJ/EE/2026-27,2026_UPIDM_1170148_1,Uttar Pradesh,no,"Tender concerns civil stone lining work for a canal, unrelated to any Meril 360 product."
ANSI,360,37.,20-Jul-2026 09:00 AM,25-Jul-2026 03:00 PM,25-Jul-2026 04:00 PM,"Repair work on the CC road from the main gate of the academic campus to the administrative building at Bundelkhand University, District Jhansi (U.P.)",31/UPPCL/GM-5/E-TENDER/2026-27,2026_UPPRC_1169819_1,Uttar Pradesh,no,"Tender is for civil road repair work, unrelated to any Meril 360 product.  [Dept: Unknown]"
ANSI,360,38.,20-Jul-2026 09:00 AM,27-Jul-2026 11:00 AM,27-Jul-2026 01:00 PM,procurement of 25 Nos Heavy Duty Municipal Garbage Collection Tricycle Rickshaws for use in Door to Door Solid Waste Collection under the Solid Waste Management SWM activities of Municipal Council Hansi,123,2026_HRY_535596_1,Haryana,no,"Tender is for heavy duty municipal garbage collection tricycle rickshaws, unrelated to any Meril 360 Division medical products.  [Dept: Unknown]"
ANSI,360,39.,18-Jul-2026 06:55 PM,24-Jul-2026 12:00 PM,25-Jul-2026 12:00 PM,"Minor repairs at Transit camp No. 12, Tadwadi BIT , St Mary road, Mazgaon in Beat No 210 in E Ward.",MDB/2063 DTD. 08.07.2026,2026_MCGM_1319234_1,Maharashtra,no,The tender concerns civil works (minor repairs at a transit camp) with no relation to any Meril 360 product.  [Dept: Unknown]
ANSI,360,40.,18-Jul-2026 06:55 PM,04-Aug-2026 05:00 PM,05-Aug-2026 11:00 AM,RD road to Asansikar road,NCB-417,2026_CERWI_136376_1,Odisha,no,"Tender is for civil road construction, unrelated to any Meril 360 product."
ANSI,360,41.,18-Jul-2026 06:00 PM,25-Jul-2026 06:00 PM,27-Jul-2026 02:00 PM,Completion of culvert at Bansi lal Mohalla w.no. 6 Pyt Khera Lair Block Pouni Distt Reasi under capex PRI for the year 2026-27,e-NIT No. 51 of REW REASl of 2026-27,2026_RDPR_316494_19,Jammu and Kashmir,no,The tender is for civil works (culvert construction) unrelated to any Meril 360 product.  [Dept: Unknown]
ANSI,360,42.,18-Jul-2026 06:00 PM,01-Aug-2026 06:00 PM,03-Aug-2026 10:00 AM,Constt. of Lane and Drain near house of Bansi Lal Budhi W.no 4(1.0) and Constt. of Drain nho Prem Nath numberdaar at Budhi W.No 4(1.0) Pyt Kaneri Block Chowki Choura under District capex PRI for the year 2026-27,e-NIT No. 192 REWJ of 2026-27 dated 18-07-2026,2026_RDPR_316705_5,Jammu and Kashmir,no,"The tender is for civil construction of lanes and drains, unrelated to any Meril 360 products.  [Dept: Unknown]"
ANSI,360,43.,18-Jul-2026 06:00 PM,30-Jul-2026 06:00 PM,31-Jul-2026 11:00 AM,CONSTT OF W C DRAIN NEAR BANSI LAL SHOP TO NALLAH W NO 01 PYT KANGA BLOCK GANDHRI,NIT NO 13 OF REW RAMBAN 2026 27 BLOCK GANDHRI UNDER HEAD PRI AND DDC,2026_RDPR_316646_3,Jammu and Kashmir,no,"Tender concerns civil construction of a water drain, unrelated to any Meril 360 product.  [Dept: Unknown]"
ANSI,360,44.,18-Jul-2026 03:00 PM,27-Jul-2026 03:00 PM,28-Jul-2026 04:00 PM,3. Nagar Palika Parishad Bansi Ke Mu0 Ranilakshminagar Mein Pu Master Se Babulal Ke Ghar Tak C0C0 Road Ka Nirman Karya.,286/N0/P0/P0/Bansi/2026-27 dt. 17.07.2026,2026_DOLBU_1170729_3,Uttar Pradesh,no,"Tender is for civil road construction work, unrelated to any Meril 360 product.  [Dept: Unknown]"
ANSI,360,45.,18-Jul-2026 03:00 PM,24-Jul-2026 03:00 PM,24-Jul-2026 04:00 PM,Construction of RCC drain on both sides of the road from Gulzar Mansion Marg to Swayamvar Barat Ghar via Ratan Sweets in Ward-23 Indranagar.,203/CE/CD/NNB/26-27 (1 To 20) Sr No 13 Tender List 37 Date-15.07.2026,2026_DOLBU_1170387_1,Uttar Pradesh,no,"Tender is for civil construction of RCC drains, unrelated to any Meril 360 product."
ANSI,360,46.,18-Jul-2026 03:00 PM,27-Jul-2026 06:00 PM,28-Jul-2026 02:00 PM,"1. Supply Of Bhusa, Chokar-Chuni, Khali And Hara Chara For Kanhagausala At Janiyajot Under Nagar Palika Parisad, Bansi Siddharthnagar",287/N0/P0/P0/Bansi/2026-27 dt. 17.07.2026,2026_DOLBU_1170744_1,Uttar Pradesh,no,"The tender is for supplying agricultural materials (Bhusa, Chokar-Chuni, etc.) and has no relation to any Meril 360 product.  [Dept: Unknown]"
ANSI,360,47.,18-Jul-2026 03:00 PM,27-Jul-2026 03:00 PM,28-Jul-2026 04:00 PM,1. Nagar Palika Parishad Bansi Ke Mu0 Nehru Nagar Me Bansi-Itwa Road Se Mantu Lala Ke Ghar Tak C0C0 Road Ka Nirman Karya.,286/N0/P0/P0/Bansi/2026-27 dt. 17.07.2026,2026_DOLBU_1170729_1,Uttar Pradesh,no,"Tender is for civil road construction works, no relation to any Meril 360 product.  [Dept: 360]"
ANSI,360,48.,18-Jul-2026 03:00 PM,27-Jul-2026 03:00 PM,28-Jul-2026 04:00 PM,2. Nagar Palika Parishad Bansi Ke Mu0 Narkatha Ranilakshminagar Me Men Road Se Bablu Ke Ghar Tak C0C0 Road Ka Nirman Karya.,286/N0/P0/P0/Bansi/2026-27 dt. 17.07.2026,2026_DOLBU_1170729_2,Uttar Pradesh,no,Tender is for civil road construction works with no relation to any Meril 360 product.  [Dept: Unknown]
ANSI,360,49.,18-Jul-2026 03:00 PM,27-Jul-2026 03:00 PM,28-Jul-2026 04:00 PM,5. Nagar Palika Parishad Bansi Ke Mu0 Nehru Nagar Mein Baliram Ke Ghar Se Doodhnath Ke Ghar Tak C0C0 Road Ka Nirman Karya.,286/N0/P0/P0/Bansi/2026-27 dt. 17.07.2026,2026_DOLBU_1170729_5,Uttar Pradesh,no,"The tender is for civil road construction work, which has no relation to any Meril 360 Division products.  [Dept: Unknown]"
ANSI,360,50.,18-Jul-2026 03:00 PM,27-Jul-2026 03:00 PM,28-Jul-2026 04:00 PM,4. Nagar Palika Parishad Bansi Ke Mu0 Ranilakshminagar Me Dharmendra Ke Dukan Se Lekar Puliya Tak C0C0 Road Ka Nirman Karya.,286/N0/P0/P0/Bansi/2026-27 dt. 17.07.2026,2026_DOLBU_1170729_4,Uttar Pradesh,no,"The tender is for road construction civil works, which has no relation to any Meril 360 product."
ANSI,360,51.,18-Jul-2026 02:00 PM,11-Aug-2026 03:00 PM,11-Aug-2026 03:30 PM,Integrated Transit Corridor Development and Street Network Connectivity Plan for the corridor influence zone along with detailed design of all intersections and midsections based on traffic and feasibility studies for the corridor network.,02/SE(F-5)/PWD/GNCTD/2026-27,2026_PWD_295549_1,NCT of Delhi,no,The tender is for civil infrastructure consultancy (transit corridor development) with no relation to any Meril 360 medical products.  [Dept: Unknown]
ANSI,360,52.,18-Jul-2026 02:00 PM,24-Jul-2026 02:00 PM,25-Jul-2026 02:00 PM,"Supply of Manpower and Machinery for Demolition of B wing structure of Transit Camp Falling in the alignment of Carriageway and Strom Water Drain of 120 feet D.P road, Kandivali east in R South Ward",DMC (Z-VII)/ 4433/ PR dtd. 23.06.2026,2026_MCGM_1319231_1,Maharashtra,no,"Tender is for civil demolition works, unrelated to any Meril 360 product.  [Dept: Unknown]"
ANSI,360,53.,18-Jul-2026 02:00 PM,24-Jul-2026 02:00 PM,25-Jul-2026 02:00 PM,"Supply of Manpower and Machinery for Demolition of A wing structure of Transit Camp Falling in the alignment of Carriageway and Strom Water Drain of 120 feet D.P road, Kandivali east in R South Ward",DMC (Z-VII)/ 4432/ PR dtd. 23.06.2026,2026_MCGM_1319229_1,Maharashtra,no,"The tender is for civil demolition works and manpower, unrelated to any Meril 360 product.  [Dept: Unknown]"
ANSI,360,54.,18-Jul-2026 11:30 AM,06-Aug-2026 03:00 PM,06-Aug-2026 03:30 PM,"Design, Engineering and Procurement for Construction of 03 Towers 192 Units in place of 04 Towers 192 Units of Transit Hostel G PLUS 12 in Police Line at district Bulandshahr Uttar Pradesh India on EPC Mode",1032(SE)/General/Technical Cell/2026 dt. 17.07.2026,2026_DPUP_1170575_1,Uttar Pradesh,no,"The tender is for civil construction of towers for a transit hostel, unrelated to any Meril 360 Division medical products."
ANSI,360,55.,18-Jul-2026 10:00 AM,27-Jul-2026 05:00 PM,28-Jul-2026 11:00 AM,"Construction of RCC Drain, Culvert and repairing of Road from MaheswarBehera house towards Bansi Nag house in ward No 02 under Junagarh NAC",1634/NAC(J),2026_ORULB_136001_5,Odisha,no,"Tender is for civil construction (RCC drain, culvert, road repair) with no medical devices or related products.  [Dept: Unknown]"
ANSI,360,56.,17-Jul-2026 06:55 PM,04-Aug-2026 04:00 PM,06-Aug-2026 04:00 PM,PHE/SWSD/EE/NIeT-03 OF 2026-27 (SL.NO. 50),PHE/SWSD/EE/NIeT-03 OF 2026-27 (SL.NO. 01 TO 82 ),2026_PHED_1032452_50,West Bengal,no,"Tender is for civil works operation and maintenance of water supply, unrelated to any Meril 360 product.  [Dept: Unknown]"
ANSI,360,57.,17-Jul-2026 06:55 PM,23-Jul-2026 12:00 PM,24-Jul-2026 12:00 PM,"Improvement of Samaj Mandir ,Umar Mansion Building,Sane Garuji Marg, in E Ward",MDB/2091 DTD. 08.07.2026,2026_MCGM_1319024_1,Maharashtra,no,The tender concerns civil construction work for a building improvement and has no relation to any Meril 360 product.  [Dept: Unknown]
ANSI,360,58.,17-Jul-2026 06:55 PM,23-Jul-2026 12:00 PM,24-Jul-2026 12:00 PM,Improvement of 02 Seated toilet block and Passage at 666 transit Camp E Ward.,MDB/1969 DTD. 08.07.2026,2026_MCGM_1319112_1,Maharashtra,no,Tender is for civil works (toilet block improvements) with no medical device or product match.
ANSI,360,59.,17-Jul-2026 06:55 PM,04-Aug-2026 04:00 PM,06-Aug-2026 04:00 PM,PHE/SWSD/EE/NIeT-03 OF 2026-27 (SL.NO. 52),PHE/SWSD/EE/NIeT-03 OF 2026-27 (SL.NO. 01 TO 82 ),2026_PHED_1032452_52,West Bengal,no,"Tender is for operation and maintenance of a civil water supply scheme, unrelated to any Meril 360 product.  [Dept: Unknown]"
ANSI,360,60.,17-Jul-2026 06:55 PM,04-Aug-2026 04:00 PM,06-Aug-2026 04:00 PM,PHE/SWSD/EE/NIeT-03 OF 2026-27 (SL.NO. 53),PHE/SWSD/EE/NIeT-03 OF 2026-27 (SL.NO. 01 TO 82 ),2026_PHED_1032452_53,West Bengal,no,"Tender is for operation and maintenance of a water supply scheme, civil works unrelated to any Meril 360 product.  [Dept: Unknown]"
ANSI,360,61.,17-Jul-2026 06:55 PM,04-Aug-2026 04:00 PM,06-Aug-2026 04:00 PM,PHE/SWSD/EE/NIeT-03 OF 2026-27 (SL.NO. 60),PHE/SWSD/EE/NIeT-03 OF 2026-27 (SL.NO. 01 TO 82 ),2026_PHED_1032452_60,West Bengal,no,"Tender is for operation and maintenance of a water supply scheme (civil works), unrelated to any Meril 360 product."
ANSI,360,62.,17-Jul-2026 06:55 PM,04-Aug-2026 04:00 PM,06-Aug-2026 04:00 PM,PHE/SWSD/EE/NIeT-03 OF 2026-27 (SL.NO. 63),PHE/SWSD/EE/NIeT-03 OF 2026-27 (SL.NO. 01 TO 82 ),2026_PHED_1032452_63,West Bengal,no,Tender is for operation and maintenance of a water supply system (civil works) with no relation to any Meril 360 product.  [Dept: Unknown]
ANSI,360,63.,17-Jul-2026 06:55 PM,04-Aug-2026 04:00 PM,06-Aug-2026 04:00 PM,PHE/SWSD/EE/NIeT-03 OF 2026-27 (SL.NO. 59),PHE/SWSD/EE/NIeT-03 OF 2026-27 (SL.NO. 01 TO 82 ),2026_PHED_1032452_59,West Bengal,no,"Tender is for operation and maintenance of a water supply scheme (civil works), unrelated to any Meril 360 product.  [Dept: Unknown]"
ANSI,360,64.,17-Jul-2026 06:55 PM,04-Aug-2026 04:00 PM,06-Aug-2026 04:00 PM,PHE/SWSD/EE/NIeT-03 OF 2026-27 (SL.NO. 64),PHE/SWSD/EE/NIeT-03 OF 2026-27 (SL.NO. 01 TO 82 ),2026_PHED_1032452_64,West Bengal,no,Tender is for operation and maintenance of a water supply system (civil works) with no medical product involvement  [Dept: Unknown]
ANSI,360,65.,17-Jul-2026 06:55 PM,04-Aug-2026 04:00 PM,06-Aug-2026 04:00 PM,PHE/SWSD/EE/NIeT-03 OF 2026-27 (SL.NO. 61),PHE/SWSD/EE/NIeT-03 OF 2026-27 (SL.NO. 01 TO 82 ),2026_PHED_1032452_61,West Bengal,no,"Tender is for operation and maintenance of a civil water supply scheme, unrelated to any Meril 360 Division medical products."
ANSI,360,66.,17-Jul-2026 06:55 PM,04-Aug-2026 04:00 PM,06-Aug-2026 04:00 PM,PHE/SWSD/EE/NIeT-03 OF 2026-27 (SL.NO. 69),PHE/SWSD/EE/NIeT-03 OF 2026-27 (SL.NO. 01 TO 82 ),2026_PHED_1032452_69,West Bengal,no,The tender is for operation and maintenance of a water supply system (civil works) with no relation to any Meril 360 product.  [Dept: Unknown]
ANSI,360,67.,17-Jul-2026 06:55 PM,04-Aug-2026 04:00 PM,06-Aug-2026 04:00 PM,PHE/SWSD/EE/NIeT-03 OF 2026-27 (SL.NO. 50),PHE/SWSD/EE/NIeT-03 OF 2026-27 (SL.NO. 01 TO 82 ),2026_PHED_1032452_50,West Bengal,no,Tender is for operation and maintenance of a water supply scheme (civil works) with no relation to any Meril 360 product.  [Dept: Unknown]
ANSI,360,68.,17-Jul-2026 06:55 PM,04-Aug-2026 04:00 PM,06-Aug-2026 04:00 PM,PHE/SWSD/EE/NIeT-03 OF 2026-27 (SL.NO. 65),PHE/SWSD/EE/NIeT-03 OF 2026-27 (SL.NO. 01 TO 82 ),2026_PHED_1032452_65,West Bengal,no,The tender is for operation and maintenance of a water supply scheme (civil works) with no relation to any listed medical products.
ANSI,360,69.,17-Jul-2026 06:55 PM,04-Aug-2026 04:00 PM,06-Aug-2026 04:00 PM,PHE/SWSD/EE/NIeT-03 OF 2026-27 (SL.NO. 57),PHE/SWSD/EE/NIeT-03 OF 2026-27 (SL.NO. 01 TO 82 ),2026_PHED_1032452_57,West Bengal,no,"Tender is for operation and maintenance of a public water supply system (civil works), unrelated to any Meril 360 product."
ANSI,360,70.,17-Jul-2026 06:55 PM,04-Aug-2026 04:00 PM,06-Aug-2026 04:00 PM,PHE/SWSD/EE/NIeT-03 OF 2026-27 (SL.NO. 55),PHE/SWSD/EE/NIeT-03 OF 2026-27 (SL.NO. 01 TO 82 ),2026_PHED_1032452_55,West Bengal,no,"Tender is for operation and maintenance of a public water supply system, unrelated to any Meril 360 product.  [Dept: Unknown]"
ANSI,360,71.,17-Jul-2026 06:55 PM,04-Aug-2026 04:00 PM,06-Aug-2026 04:00 PM,PHE/SWSD/EE/NIeT-03 OF 2026-27 (SL.NO. 59),PHE/SWSD/EE/NIeT-03 OF 2026-27 (SL.NO. 01 TO 82 ),2026_PHED_1032452_59,West Bengal,no,"Tender concerns operation and maintenance of a public water supply scheme (civil works), unrelated to any Meril 360 product."
ANSI,360,72.,17-Jul-2026 06:55 PM,04-Aug-2026 04:00 PM,06-Aug-2026 04:00 PM,PHE/SWSD/EE/NIeT-03 OF 2026-27 (SL.NO. 60),PHE/SWSD/EE/NIeT-03 OF 2026-27 (SL.NO. 01 TO 82 ),2026_PHED_1032452_60,West Bengal,no,Tender is for operation and maintenance of a water supply scheme (civil works) with no relation to any listed Meril 360 products.
ANSI,360,73.,17-Jul-2026 06:55 PM,04-Aug-2026 04:00 PM,06-Aug-2026 04:00 PM,PHE/SWSD/EE/NIeT-03 OF 2026-27 (SL.NO. 64),PHE/SWSD/EE/NIeT-03 OF 2026-27 (SL.NO. 01 TO 82 ),2026_PHED_1032452_64,West Bengal,no,The tender concerns operation and maintenance of a water supply system (civil works) with no relation to any Meril 360 product.  [Dept: Unknown]
ANSI,360,74.,17-Jul-2026 06:55 PM,04-Aug-2026 04:00 PM,06-Aug-2026 04:00 PM,PHE/SWSD/EE/NIeT-03 OF 2026-27 (SL.NO. 54),PHE/SWSD/EE/NIeT-03 OF 2026-27 (SL.NO. 01 TO 82 ),2026_PHED_1032452_54,West Bengal,no,"Tender is for operation and maintenance of a water supply system (civil works), unrelated to any Meril 360 product.  [Dept: Unknown]"
ANSI,360,75.,17-Jul-2026 06:55 PM,04-Aug-2026 04:00 PM,06-Aug-2026 04:00 PM,PHE/SWSD/EE/NIeT-03 OF 2026-27 (SL.NO. 55),PHE/SWSD/EE/NIeT-03 OF 2026-27 (SL.NO. 01 TO 82 ),2026_PHED_1032452_55,West Bengal,no,Tender is for operation and maintenance of a water supply scheme (civil works) with no relation to any Meril 360 products.  [Dept: Unknown]
ANSI,360,76.,17-Jul-2026 06:55 PM,04-Aug-2026 04:00 PM,06-Aug-2026 04:00 PM,PHE/SWSD/EE/NIeT-03 OF 2026-27 (SL.NO. 63),PHE/SWSD/EE/NIeT-03 OF 2026-27 (SL.NO. 01 TO 82 ),2026_PHED_1032452_63,West Bengal,no,"The tender is for operation and maintenance of a civil water supply system, unrelated to any listed medical or infection‑prevention products.  [Dept: Unknown]"
ANSI,360,77.,17-Jul-2026 06:55 PM,04-Aug-2026 04:00 PM,06-Aug-2026 04:00 PM,PHE/SWSD/EE/NIeT-03 OF 2026-27 (SL.NO. 57),PHE/SWSD/EE/NIeT-03 OF 2026-27 (SL.NO. 01 TO 82 ),2026_PHED_1032452_57,West Bengal,no,Tender is for operation and maintenance of a water supply system (civil works) with no relation to medical devices or listed products.  [Dept: Unknown]
ANSI,360,78.,17-Jul-2026 06:55 PM,04-Aug-2026 04:00 PM,06-Aug-2026 04:00 PM,PHE/SWSD/EE/NIeT-03 OF 2026-27 (SL.NO. 61),PHE/SWSD/EE/NIeT-03 OF 2026-27 (SL.NO. 01 TO 82 ),2026_PHED_1032452_61,West Bengal,no,"Tender is for operation and maintenance of a water supply civil works project, unrelated to any Meril 360 product.  [Dept: Unknown]"
ANSI,360,79.,17-Jul-2026 06:55 PM,04-Aug-2026 04:00 PM,06-Aug-2026 04:00 PM,PHE/SWSD/EE/NIeT-03 OF 2026-27 (SL.NO. 65),PHE/SWSD/EE/NIeT-03 OF 2026-27 (SL.NO. 01 TO 82 ),2026_PHED_1032452_65,West Bengal,no,Tender is for operation and maintenance of a water supply scheme (civil works) with no relation to any Meril 360 product.  [Dept: Unknown]
ANSI,360,80.,17-Jul-2026 06:55 PM,17-Aug-2026 03:30 PM,20-Aug-2026 03:30 PM,"Procurement of sleeve type expansion joint(Modified coupling device) for wet ash disposal pipe line at ash handling plant 2x600 MW, SSTPP, MPPGCL, Dongalia.",PT-3779,2026_MPPGC_512957_1,Madhya Pradesh,no,"The tender is for an industrial sleeve type expansion joint for an ash handling pipeline, which does not match any Meril 360 product.  [Dept: Unknown]"
ANSI,360,81.,17-Jul-2026 06:00 PM,30-Jul-2026 06:00 PM,31-Jul-2026 10:00 AM,"Const. C path and P/work near the h/o Sh. Bansi Lal, Sh.Kuldeep Singh and Sh.Khazur Singh at Village Mandal, Pyt Katwalta, Block Purmandal Under Scheme CAPEX-DDC.",26REW Samba of 2026-27Dated-17-07-2026,2026_RDPR_316563_9,Jammu and Kashmir,no,"Tender is for civil construction works under Rural Development, unrelated to any Meril 360 product.  [Dept: Unknown]"
ANSI,360,82.,17-Jul-2026 06:00 PM,23-Jul-2026 10:00 AM,23-Jul-2026 01:00 PM,Hansi Block NH-9 plantation mts works,50-HSR-2026-27,2026_HRY_535463_1,Haryana,no,"The tender concerns forestry plantation and maintenance works, unrelated to any Meril 360 product."
ANSI,360,83.,17-Jul-2026 06:00 PM,31-Jul-2026 06:00 PM,01-Aug-2026 10:00 AM,Constt of Troad salanger road to SC moh Teriyoli Bansi Lal wno4 (1.0) constt of Dchannel Ashok kumar house to Rashpaul wno 4(1.0) constt of Tile work ho Tara chand tho Nanak chand wno4(1.0) Pyt Rah BlockChowki Choura underPRICapex Budget for 2026-27,e-NIT No. 178 REWJ of 2026-27 dated 17-07-2026,2026_RDPR_316555_6,Jammu and Kashmir,no,"Tender is for civil road and tile construction works, unrelated to any Meril 360 product.  [Dept: Unknown]"
ANSI,360,84.,17-Jul-2026 06:00 PM,31-Jul-2026 03:30 PM,03-Aug-2026 03:00 PM,Treatment of expansion joints at mppmcl,DGM/EEC/AdmComp/M/Pur/T-353,2026_MPPMC_522179_1,Madhya Pradesh,no,"The tender concerns civil works for treating expansion joints at a power management company, which is unrelated to any Meril 360 product."
ANSI,360,85.,17-Jul-2026 06:00 PM,23-Jul-2026 03:00 PM,23-Jul-2026 03:30 PM,"Construction of 1st Floor and renovation of Guru Ravidas Community Hall in A Block Transit Camp In Kalkaji Constituency, Ac-51.",EE/CD-X/2026-27/39,2026_IFC_295525_1,NCT of Delhi,no,"The tender is for civil construction of a community hall, unrelated to any Meril 360 product.  [Dept: Unknown]"
ANSI,360,86.,17-Jul-2026 05:20 PM,03-Aug-2026 05:00 PM,05-Aug-2026 02:00 PM,Construction of RCC culvert in Bhansidhar nagar utari nagar panchyat in village Raksha (Back of Ashram) Block- Nagar Untari under Garhwa district.,RDD/SD/GARHWA/02/2026-27,2026_RDSPL_116269_3,Jharkhand,no,"Tender is for civil construction of an RCC culvert, unrelated to any Meril 360 product."
ANSI,360,87.,17-Jul-2026 03:58 PM,24-Jul-2026 11:00 AM,24-Jul-2026 11:01 AM,Development and Construction of CC Road and Construction and Improvement of CC Drain from Gogarla Sathyanarayana H to Jupaka Jhansi Rani H and Construction and Improvement of CC Drain from Eddu Raja H to Arikella Sathish H No 16-2-30 in ward no 5 in Bellampally Municipality-5th Call,E1/16-25/C/Recall/bpl/Mplty/2025-26,717489,Telangana,no,The tender concerns civil engineering works (road and drain construction) with no relation to any listed Meril 360 products.  [Dept: Unknown]
ANSI,360,88.,17-Jul-2026 03:00 PM,24-Jul-2026 11:00 AM,24-Jul-2026 11:30 AM,LOT-02 Restoration Work of the Inspection House Situated at Garhmau Lake in District Jhansi.,01/SE-IV/2026-27,2026_UPIDC_1159537_8,Uttar Pradesh,no,"The tender concerns civil restoration work of an inspection house, unrelated to any Meril 360 product."
ANSI,360,89.,17-Jul-2026 12:00 PM,23-Jul-2026 01:30 PM,23-Jul-2026 02:00 PM,"Janpad Jalaun me Orai Nagar ke Jhansi road par HP Gas Agency ke samne Baba Sahab Dr. Bheemrav Ambedkar Dwar ka nirman karya (Under scheme V.N. 2026-27) Hon ble Shri Gauri Shankar Verma Ji, MLA Orai",117/EE/Orai/ET/2026-27,2026_SCIDC_1169958_1,Uttar Pradesh,no,"The tender is for civil construction of a monument, unrelated to any Meril 360 product.  [Dept: Unknown]"
ANSI,360,90.,17-Jul-2026 12:00 PM,03-Aug-2026 06:00 PM,04-Aug-2026 10:00 AM,"Const of steps Pawan Kumar house to Bansi Lal house wno 3. Panchayat Krimchi, Block Udhampur. Under PRI (Capex Budget) 2026-27",e-NIT No. 48 REW UDHAMPUR of 2026-27 Dated 15-07-2026,2026_RDPR_316116_1,Jammu and Kashmir,no,"The tender is for civil construction of steps, unrelated to any Meril 360 product.  [Dept: Unknown]"
ANSI,360,91.,17-Jul-2026 11:00 AM,29-Jul-2026 05:00 PM,30-Jul-2026 11:00 AM,PWD Road to Bansil_Road_Renewal coat of SDBC with WMM profile correction_0.000 to 2.510,SERWKPT ONLINE 03/2026-27,2026_CERWI_136057_1,Odisha,no,"The tender is for road renewal civil works, not related to any Meril 360 product.  [Dept: Unknown]"
ANSI,360,93.,17-Jul-2026 09:00 AM,30-Jul-2026 04:00 PM,30-Jul-2026 04:15 PM,WARD NO-42 MARAULI UNTERGAT RAJENDRA VISHVKARMA MANSINGH TAK KI GALIYO KA SUDHAR KARY,56A_2026_27,2026_NNVAR_1169770_8,Uttar Pradesh,no,"Tender is for civil road improvement works, unrelated to any Meril 360 product.  [Dept: Unknown]"
ANSI,360,94.,17-Jul-2026 09:00 AM,24-Jul-2026 03:00 PM,27-Jul-2026 03:05 PM,"P/F Chequred Tiles Near Ishwar Mansion Society, Malad (E)",EE/West/MSIB /e-Tender / 72 / 2026-27,2026_MHADA_1318637_4,Maharashtra,no,"Tender is for civil construction tiles, unrelated to any Meril 360 product.  [Dept: Unknown]"
ANSI,360,95.,16-Jul-2026 06:55 PM,22-Jul-2026 12:00 PM,23-Jul-2026 12:00 PM,"Improvement of Passage and Drainage at Chagan mansion, Dr. Masrehans Road in Beat No. 210 in E Ward",MDB/2053 DTD. 08.07.2026,2026_MCGM_1318749_1,Maharashtra,no,Tender is for civil works (passage and drainage improvement) with no relation to any Meril 360 product.  [Dept: Unknown]
ANSI,360,96.,16-Jul-2026 06:00 PM,03-Aug-2026 04:00 PM,03-Aug-2026 05:00 PM,Construction of 60000 Litres capacity service reservoir (12.00 M Staging Height) at Indra colony in Ayansingampatti Panchayat of Ambasamudram Panchayat Union,B3/2081/2026,2026_RDTN_686268_3,Tamil Nadu,no,Tender is for construction of a water reservoir (civil works) with no relation to any Meril 360 product.  [Dept: Unknown]
ANSI,360,97.,16-Jul-2026 06:00 PM,28-Jul-2026 04:00 PM,29-Jul-2026 12:00 PM,Constt of lane at lower chatoga nho naresh and lane at upper chatoga nho pawan singh Constt of lane at Awansi NHO Khem Raj Panchayat Fatehpur Block Bani,e-NIT No.119/REW/K of 2026-27 Dated 16/07/2026,2026_RDPR_316321_13,Jammu and Kashmir,no,The tender is for civil road construction work with no relation to any Meril 360 product.  [Dept: Unknown]
ANSI,360,98.,16-Jul-2026 06:00 PM,03-Aug-2026 04:00 PM,03-Aug-2026 05:00 PM,Providing Pipe line at Ayansingampatti River to Indra Colony in Ayansingampatti Panchayat of Ambasamudram Panchayat Union,B3/2081/2026,2026_RDTN_686268_4,Tamil Nadu,no,"Tender is for civil pipeline construction, unrelated to any Meril 360 medical products.  [Dept: Unknown]"
ANSI,360,99.,16-Jul-2026 06:00 PM,03-Aug-2026 04:00 PM,03-Aug-2026 05:00 PM,Construction of infiltration well and motor arrangement at Ayansingampatti River in Ayansingampatti Panchayat of Ambasamudram Panchayat Union,B3/2081/2026,2026_RDTN_686268_2,Tamil Nadu,no,"Tender is for civil construction of an infiltration well and motor arrangement, unrelated to any Meril 360 product."
ANSI,360,100.,16-Jul-2026 04:05 PM,23-Jul-2026 04:30 PM,23-Jul-2026 05:00 PM,Road work,NIT.11/2026-27 Dt.13.07.2026,717264,Telangana,no,Tender is for civil road bridge repairs unrelated to any Meril 360 product.
ANSI,360,101.,16-Jul-2026 03:25 PM,22-Jul-2026 03:00 PM,22-Jul-2026 03:30 PM,"AR and MO to various roads under Sub Division-1 SRD Project Division-2, PWD Delhi.SH Providing and laying NP-4 pipe from Rani Jhansi R/A to Ram Kumar Marg (Service road) at Rani Jhansi Road under the jurisdiction of Sub Div-1 of SRD Project Divisio",14/EE/S.R.D. Project Divn-II/PWD/2026-27,2026_PWD_295458_1,NCT of Delhi,no,"The tender concerns civil road construction and pipe laying, unrelated to any Meril 360 Division medical products.  [Dept: Unknown]"
ANSI,360,102.,16-Jul-2026 11:00 AM,22-Jul-2026 06:00 PM,23-Jul-2026 11:00 AM,"Expansion of the veranda and shed, and construction of a CC (cement concrete) floor beneath the shed at the Old Tehsil (Ward No. 12, Satiyanpura).",182/Tender Notice/2026-27 DATED 15.07.2026,2026_DOLBU_1169693_1,Uttar Pradesh,no,"Tender is for civil construction work (expansion of veranda, shed, concrete floor) unrelated to any listed Meril 360 products.  [Dept: Unknown]"
ANSI,360,103.,16-Jul-2026 10:00 AM,22-Jul-2026 03:00 PM,22-Jul-2026 04:00 PM,Rewinding/repair work of submersible and VT set motors of active wells with capacities ranging from 5 HP to 62 HP in villages that came after the border expansion became faulty/inactive,421/J.K./2026-27 dated-15-07-2026,2026_DOLBU_1169525_1,Uttar Pradesh,no,"Tender is for repair of submersible well motors, unrelated to any Meril 360 product.  [Dept: Unknown]"
ANSI,360,104.,16-Jul-2026 09:00 AM,07-Aug-2026 03:00 PM,08-Aug-2026 02:00 PM,Work No. 1,Latter No. 719 Date 14-07-2026,2026_DOLBU_1169829_1,Uttar Pradesh,no,"The tender is for civil construction of a drain and road, unrelated to any Meril 360 product.  [Dept: Unknown]"
ANSI,360,105.,16-Jul-2026 09:00 AM,28-Jul-2026 10:00 AM,31-Jul-2026 10:30 AM,Expansion of Condenser Tube and Turbine Oil Cooler Tube During Unit#4 Overhauling,WBPDCL/SGTPP/NIT/E4117/26-27/ E1421335,2026_WBPDC_1030129_2,West Bengal,no,"Tender is for expansion of condenser and turbine oil cooler tubes in a power plant, unrelated to any Meril 360 medical products."
ANSI,360,106.,16-Jul-2026 09:00 AM,04-Aug-2026 06:00 PM,05-Aug-2026 03:00 PM,"Expansion of Hostel Block (Phase III) 26 Nos Rooms at Second Floor at Rajasthan State Judicial Academy, Jhalamand, Jodhpur",RSRDC NIT 235/2026-27 (Sl-2),2026_RSRDC_575242_1,Rajasthan,no,"The tender is for civil construction of a hostel block, unrelated to any Meril 360 product.  [Dept: Unknown]"
ANSI,360,107.,15-Jul-2026 06:55 PM,05-Aug-2026 05:00 PM,06-Aug-2026 05:00 PM,CIVIL RECTIFICATION STRENGTHNING WORK AT 3311 KV SS KHESHRAHA BANSI DISTRICT SIDDHARTHNAGAR,92/ECD(D)GKP/2026-27,2026_PVVNV_1169786_1,Uttar Pradesh,no,Hard-reject: electrical/power-infra signal '11 kv' — not a Meril product.
ANSI,360,108.,15-Jul-2026 06:50 PM,28-Jul-2026 06:00 PM,29-Jul-2026 10:00 AM,Constt of Tile work at foji Maholla upper kansir Pyt Ranka W.No 4 Block Assar (BDC Grant),e-NIT No 29 of REW Doda 2026-27 Dated.15.07.2026,2026_RDPR_316220_12,Jammu and Kashmir,no,"Tender is for civil construction tile work, unrelated to any Meril 360 product."
ANSI,360,109.,15-Jul-2026 06:43 PM,23-Jul-2026 11:00 AM,23-Jul-2026 11:30 AM,Stage-III/Dr.NTTPS,e-30/2026-27 Dismantling and re erection of pipes and bends,961837,Andhra Pradesh,no,"The tender concerns civil pipe dismantling and re‑erection work, unrelated to any Meril 360 product.  [Dept: Unknown]"
ANSI,360,110.,15-Jul-2026 06:00 PM,29-Jul-2026 06:00 PM,30-Jul-2026 10:00 AM,"Upgradation /Improvement Main road Palnoo to moh Bansi Lal Mathaliya w.no. 1 Pyt Palnoo, Block Khoon under DDC capex,District Udhampur For Year 2026-27.",e-NIT No. 42 REW UDHAMPUR of 2026-27 Dated 14-07-2026,2026_RDPR_315898_69,Jammu and Kashmir,no,"The tender pertains to civil road upgradation work, unrelated to any Meril 360 product.  [Dept: Unknown]"
ANSI,360,111.,15-Jul-2026 06:00 PM,27-Jul-2026 04:00 PM,28-Jul-2026 12:00 PM,Const. of lane with drain at Kilore near Bansi lal house to onwards Panchayat Asso Block Bani,e-NIT No.117/REW/K of 2026-27 Dated 15/07/2026,2026_RDPR_316156_1,Jammu and Kashmir,no,"The tender is for civil construction of a lane and drain, unrelated to any Meril 360 products.  [Dept: Unknown]"
ANSI,360,112.,15-Jul-2026 05:31 PM,05-Aug-2026 04:00 PM,05-Aug-2026 04:30 PM,BTPS,e-92/2026-27/CE/Const/BTPS/Pur3/Expansion Joint rubber bellow assemblies,716602,Telangana,no,"Tender is for expansion joint rubber bellow assemblies, which do not match any Meril 360 product.  [Dept: Unknown]"
ANSI,360,113.,15-Jul-2026 04:15 PM,22-Jul-2026 03:00 PM,23-Jul-2026 04:00 PM,Providing Bulk Flow Monitoring System to identify NRW component in Bulk Transimission System in KDMC Water Supply System under performance Incentive Component under Amrut 2.0.,KDMC/WATER/2026-27/4,2026_KDMC_1317977_1,Maharashtra,no,"Tender is for a Bulk Flow Monitoring System for municipal water supply, unrelated to any Meril 360 product.  [Dept: Unknown]"
ANSI,360,114.,15-Jul-2026 04:00 PM,29-Jul-2026 12:30 PM,30-Jul-2026 01:00 PM,"Operation of pumping machinery provided for w/s arrangement to the various Transit Camp Buildings at Pratiksha Nagar Sion, Sahakar nagar Chembur, Dyaneshwar nagar Sewaree, Kanara Engineering Ghatkopar, PMGP colony Dharavi Swan mill, under Dy.Z4",EE/Elect/A/RR/9365389-7/26-27,2026_MHADA_1318069_1,Maharashtra,no,"Tender is for operation of pumping machinery and electrical works, unrelated to any Meril 360 product.  [Dept: Unknown]"
ANSI,360,115.,15-Jul-2026 04:00 PM,29-Jul-2026 12:30 PM,30-Jul-2026 01:00 PM,"Annual Comprehensive maintenance contract of 12 passenger Schindler make lift travelling ground floor to upper 24th floor 6 Nos. of lift of Bldg. No. 3C 3D at New Hind Mill Transit Camp, Mazgaon under Dy.CE/Zone-III/MBRRB Mumbai. E1-ward for the p",EE/Elect/A/RR/L/9365389/26-27,2026_MHADA_1318102_1,Maharashtra,no,"The tender is for annual maintenance of passenger lifts, which has no connection to any Meril 360 product.  [Dept: Unknown]"
ANSI,360,116.,15-Jul-2026 03:00 PM,05-Aug-2026 01:00 PM,05-Aug-2026 04:00 PM,"Request for Proposal for Development, Operation and Maintenance of Radiology Imaging Diagnostic Centers for CT and MRI scan services in Civil Hospital of Hansi, Haryana on Public Private Partnership Basis",3/3-HMSCL-691-H/ Tend. /2026-27,2026_HBC_535221_1,Haryana,no,"Tender is for radiology CT/MRI service development and operation, unrelated to any Meril 360 product.  [Dept: Unknown]"
ANSI,360,117.,15-Jul-2026 10:00 AM,24-Jul-2026 04:00 PM,25-Jul-2026 11:00 AM,Construction of 100 KLD STP at Transit Accommodation Mirhama,37/2026-27/RnB/Kul/3915-25 dated 14-07-2026,2026_PWDJK_315987_1,Jammu and Kashmir,no,"The tender is for civil construction of a sewage treatment plant, unrelated to any Meril 360 product."
ANSI,360,118.,15-Jul-2026 10:00 AM,24-Jul-2026 04:00 PM,25-Jul-2026 11:00 AM,Construction of 100 KLD STP at transit Accomodation Chowgam,38/2026-27/RnB/Kul/3926-36 dated 14-07-2026,2026_PWDJK_316006_1,Jammu and Kashmir,no,"Tender is for civil construction of a sewage treatment plant, unrelated to any Meril 360 product.  [Dept: Unknown]"
ANSI,360,119.,15-Jul-2026 09:00 AM,22-Jul-2026 10:00 AM,22-Jul-2026 01:00 PM,CAMPA scheme hansi Block mts works,35-HSR-2026-27,2026_HRY_535200_1,Haryana,no,"Tender is for forestry maintenance works, unrelated to any Meril 360 product.  [Dept: Unknown]"
ANSI,360,120.,15-Jul-2026 09:00 AM,30-Jul-2026 01:00 PM,30-Jul-2026 02:00 PM,WORD NO 3 BADHUWA GODAM GORAKHPUR SE VARANSI JANE WALE MARG DAHINI PATARIMPER 20 H.P. NALKUP PUMP HOUSE SAHIT ADHISTHAPAN KA KARYA,71-04,2026_DOLBU_1152713_2,Uttar Pradesh,no,"The tender concerns civil works for a water pump house, unrelated to any Meril 360 product."
ANSI,360,121.,14-Jul-2026 06:55 PM,27-Jul-2026 02:00 PM,29-Jul-2026 04:30 PM,WB/PWD/AE/SCSD-II/02/2026-27/1,WB/PWD/AE/SCSD-II/02/2026-27,2026_WBPWD_5016755_1,West Bengal,no,"The tender is for civil traffic calming works, unrelated to any Meril 360 product.  [Dept: Unknown]"
ANSI,360,122.,14-Jul-2026 06:00 PM,28-Jul-2026 06:00 PM,30-Jul-2026 06:00 PM,"Urgent work for leage, bursting and withdrawing of D/ pipes and laying new HDPE pipeline in connection with annual operation and maintenance of DI/CI/UPVC/HDPE rising main network from Nachan /Bansia H/W site to Hetedoba OHR under RCFA Division-I PH",NIeT_5_EE_26_27,2026_PHED_1032116_56,West Bengal,no,"Tender is for civil works involving HDPE pipeline installation, unrelated to any Meril 360 product.  [Dept: Unknown]"
ANSI,360,123.,14-Jul-2026 05:00 PM,04-Aug-2026 03:00 PM,05-Aug-2026 03:00 PM,Construction of Transformer Bay for Newly Augmented Power Transformer and 11kV Dedicated Feeder for Migrant Transit Accomodation at Shangus Nowgam,STB/22 of 2026-27 Dt. 14.07.2026,2026_PDD_315951_1,Jammu and Kashmir,no,Hard-reject: electrical/power-infra signal 'power transformer' — not a Meril product.
ANSI,360,124.,14-Jul-2026 04:00 PM,30-Jul-2026 09:00 AM,30-Jul-2026 12:00 PM,6) Ward No. 01 me Dansingh puliya se Rajeev Shukla ke makan tak nala wa Cover ka Nirman Kary.,333/NPPH/TENDER/2026-27 date 08-07-2026,2026_DOLBU_1168876_1,Uttar Pradesh,no,"Tender is for road works/cover construction, unrelated to any Meril 360 product."
ANSI,360,125.,14-Jul-2026 03:00 PM,05-Aug-2026 03:00 PM,07-Aug-2026 03:05 PM,NIe-T- 04/2026-27 (Sl. No. 10),NBDD/BS/SE/ NIe-T- 04/2026-27 (Sl. No. 01 to 13),2026_NBDD_1032286_10,West Bengal,no,Tender is for construction of worker shelters (civil works) with no relation to any Meril 360 product.  [Dept: Unknown]
ANSI,360,126.,14-Jul-2026 03:00 PM,05-Aug-2026 03:00 PM,07-Aug-2026 03:05 PM,NIe-T- 04/2026-27 (Sl. No. 09),NBDD/BS/SE/ NIe-T- 04/2026-27 (Sl. No. 01 to 13),2026_NBDD_1032286_9,West Bengal,no,Tender is for construction of worker sheds (civil works) with no medical or product relevance.  [Dept: Unknown]
ANSI,360,127.,14-Jul-2026 01:00 PM,22-Jul-2026 10:00 AM,22-Jul-2026 01:00 PM,Nry mts works in Hansi block,17-HSR-2026-27,2026_HRY_535063_1,Haryana,no,"The tender concerns forestry maintenance work, which has no relation to any Meril 360 Division medical products."
ANSI,360,128.,14-Jul-2026 01:00 PM,23-Jul-2026 04:00 PM,24-Jul-2026 11:00 AM,CONSTRUCTION OF 180 KLD STP AT TRANSIT ACCOMODATION SHANGUS Anantnag,ENIT Fresh 07 of RNBSEANG 2026_27 Dated 14/07/2026 3rd call,2026_PWDJK_315921_1,Jammu and Kashmir,no,"Tender is for construction of a sewage treatment plant, unrelated to any Meril 360 product."
ANSI,360,129.,14-Jul-2026 11:55 AM,28-Jul-2026 12:00 PM,30-Jul-2026 12:00 PM,"Invites online bids from the ONLY MANUFACTURER for Supply, Designing and Printing of Packages of Processed Meat and Raw Meat for our Haringhata Meat Brand required at Haringhata Meat Plant, Nadia and Phansidewa Meat Plant,Darjeeling during 2026-2027.",WBARD/WBLDC/NIT-1049e/2026-27 Dated 08/07/2026,2026_ARD_1032332_1,West Bengal,no,"Tender for supply, design and printing of meat packaging, unrelated to any Meril 360 product.  [Dept: Unknown]"
ANSI,360,130.,13-Jul-2026 06:00 PM,25-Jul-2026 06:00 PM,27-Jul-2026 10:00 AM,Constt. Of L/D From Main Road to H/O Bansi LaL WNO 5 at Vill and Pyt Jassore Block R.S.Pura under PRI Capex Year - 2026-27 (PYT LEVEL),e-NIT No. 112 REWJ of 2026-27 dated 13-07-2026,2026_RDPR_315734_1,Jammu and Kashmir,no,The tender concerns civil construction work (road/house linkage) with no relation to any Meril 360 medical products.  [Dept: Unknown]
ANSI,360,131.,13-Jul-2026 05:00 PM,22-Jul-2026 10:00 AM,22-Jul-2026 01:00 PM,State scheme mts Hansi block,07-HSR-2026-27,2026_HRY_534947_1,Haryana,no,"Tender is for forestry block maintenance work, unrelated to any Meril 360 product.  [Dept: Unknown]"
ANSI,360,132.,13-Jul-2026 04:00 PM,24-Jul-2026 02:00 PM,25-Jul-2026 12:00 PM,Improvement of water supply in Dhok Paloura near the house of Bansi Lal and adjoining area in Ward No.60 under District Capex,E-NIT No. JS/PHECD-1/ 20 of 2026-27,2026_PHE_315826_9,Jammu and Kashmir,no,"Tender is for civil works improving water supply, unrelated to any Meril 360 product.  [Dept: Unknown]"
ANSI,360,133.,13-Jul-2026 02:00 PM,28-Jul-2026 12:00 PM,28-Jul-2026 12:30 PM,"Repair work of Type-4 and Type-1 houses under Primary Health Centre near Tehsil Complex Naugarh, Transit Hostel in Siddharthnagar district.",1607/1A/2026 date 13.07.2026,2026_CEUBZ_1168802_2,Uttar Pradesh,no,"Tender is for civil building repair of primary health centre houses, unrelated to any Meril 360 product.  [Dept: Unknown]"
ANSI,360,134.,13-Jul-2026 11:00 AM,22-Jul-2026 11:00 AM,24-Jul-2026 11:00 AM,"providing Electro-Mechanical Equipment and allied Works for Arsenic Removal Plant at PANSILA (PHASE-II) piped Water supply Scheme,, Block- Nabadwip, Dist-Nadia under EMD,PHE Dte.",WBPHED/AE/EMSD-II/NIET_02 of 2026-2027,2026_PHED_1031125_5,West Bengal,no,"Tender is for electro‑mechanical equipment for an arsenic removal water supply plant, which has no relation to any Meril 360 Division product."
ANSI,360,135.,13-Jul-2026 10:00 AM,23-Jul-2026 05:00 PM,27-Jul-2026 11:00 AM,"NIT-127 Construction of Community Hall at Bandhgaba, Dhansimla (West) JFMC of Sonamukhi FMU under Bankura(North)DMU(2nd call)",DFOBKN(e)107TO 159/JICA of 2026-27,2026_DOFR_1030653_6,West Bengal,no,"Tender pertains to civil construction of a community hall, unrelated to any Meril 360 product.  [Dept: Unknown]"
ANSI,360,136.,13-Jul-2026 10:00 AM,22-Jul-2026 06:00 PM,23-Jul-2026 02:00 PM,"Garm Panchayat ke sabhi Gavon mein Ghar-Ghar(Residential and Commercial) se Kachara Sangrhan evm Pruthkaran, Sadak, Naali Safai and CSC ki saaf-Safai etc. works. in G.P. BANSIYAL",PSKTR/NIT15/2026-027/SBM,2026_PRD_574683_2,Rajasthan,no,"Tender is for waste collection, road and sanitation works in villages, unrelated to any Meril 360 product.  [Dept: Unknown]"
ANSI,360,137.,13-Jul-2026 10:00 AM,23-Jul-2026 05:00 PM,27-Jul-2026 11:00 AM,"NIT-134 Installation of 5 HP Submersible Pump at Chakdhabakura, Dhansimla (East) JFMC of Sonamukhi FMU under Bankura (North) DMU.",DFOBKN(e)107TO 159/JICA of 2026-27,2026_DOFR_1030653_10,West Bengal,no,Tender is for installation of a submersable pump (civil works) with no relation to any Meril 360 product.  [Dept: Unknown]
ANSI,360,138.,13-Jul-2026 10:00 AM,22-Jul-2026 05:00 PM,23-Jul-2026 11:00 AM,Improvement to Madansila MIP in Bijatala Block of Mayurbhanj District under Critical Grant for the year 2026-27.,SE 02 MID JSP/2026-27,2026_CEMIB_135085_6,Odisha,no,Tender is for civil works (canal improvement) with no relation to any Meril 360 product.
ANSI,360,139.,13-Jul-2026 10:00 AM,23-Jul-2026 05:00 PM,27-Jul-2026 11:00 AM,"NIT-131 Installation of Solar Light at Rampur, Chakdhabakura, Dhansimla(East), Korasuli, Rapatganj JFMC of Sonamukhi FMU under Bankura(North)DMU",DFOBKN(e)107TO 159/JICA of 2026-27,2026_DOFR_1030653_7,West Bengal,no,"The tender is for civil works installing solar lights for the Directorate of Forests, unrelated to any Meril 360 product.  [Dept: Unknown]"
ANSI,360,140.,11-Jul-2026 06:30 PM,23-Jul-2026 06:00 PM,24-Jul-2026 10:00 AM,Construction of Wash Room NHO Of Bansi Lal And Other W.No 02 Pyt Gai Dessa C Block Bhagwah (DDC Grant),e-NIT No 23 of REW Doda 2026-27 Dated.11.07.2026,2026_RDPR_315637_37,Jammu and Kashmir,no,"Tender is for civil construction of a washroom, unrelated to any Meril 360 product.  [Dept: Unknown]"
ANSI,360,141.,11-Jul-2026 06:00 PM,23-Jul-2026 02:00 PM,23-Jul-2026 04:00 PM,"Balance Work Construction of Guest House ,Transit Hostel andType IV Residence at ATS Mohammadabad Farrukhabad UP",89/S.E./Kanpur/Etender/2026-27 DT 10.07.2026,2026_SCIDC_1168618_1,Uttar Pradesh,no,"Tender concerns construction of guest house and hostel, unrelated to any Meril 360 product."
ANSI,360,142.,11-Jul-2026 05:30 PM,22-Jul-2026 06:00 PM,23-Jul-2026 12:00 PM,Expansion of joints Strengthening of roofs for water seepage in all blocks of IGGDH Jammu.,eNIT 35 of 2026-27 Dated 11-07-2026,2026_PWDJK_315663_1,Jammu and Kashmir,no,The tender is for civil works (roof and joint strengthening) unrelated to any Meril 360 product.  [Dept: Unknown]
ANSI,360,143.,11-Jul-2026 02:00 PM,30-Jul-2026 06:00 PM,31-Jul-2026 02:00 PM,Drinking water pipeline expansion repair and maintenance work,15va/tied/water1/2026,2026_DOLBU_1168595_1,Uttar Pradesh,no,"The tender is for drinking water pipeline expansion, repair and maintenance, which does not involve any Meril 360 Division medical products.  [Dept: Unknown]"
ANSI,360,144.,11-Jul-2026 02:00 PM,24-Jul-2026 06:00 PM,25-Jul-2026 10:00 AM,"Const of community path from Darshan House to Bansi Lal House wo. 2 Panchayat. Pattangarh, Block. Latti-Marothi under PRI (RDD) Capex budget FY26-27",e-NIT No. 31 REW UDHAMPUR of 2026-27 Dated 10-07-2026,2026_RDPR_315420_5,Jammu and Kashmir,no,"Tender is for civil construction of a community path, unrelated to any Meril 360 product.  [Dept: Unknown]"
ANSI,360,145.,11-Jul-2026 02:00 PM,24-Jul-2026 06:00 PM,25-Jul-2026 10:00 AM,"Construction of Diversion Drain from Bansi Lal House and others to PMGSY Road Wno. 5 Panchayat. Latti-B, Block. Latti-Marothi under PRI(RDD) Capex budget FY26-27",e-NIT No. 31 REW UDHAMPUR of 2026-27 Dated 10-07-2026,2026_RDPR_315420_21,Jammu and Kashmir,no,"Tender is for civil construction of a diversion drain, unrelated to any Meril 360 product."
ANSI,360,146.,11-Jul-2026 12:00 PM,24-Jul-2026 06:00 PM,25-Jul-2026 10:00 AM,"Const of lane drain from chuni lal house to bansi lal house w.no.1 Block Udhampur PRI RDD,Pyt - Padanoo,Block Udhampur PRI, RDD for the year 2026-27",e-NIT No. 29 REW UDHAMPUR of 2026-27 Dated 10-07-2026,2026_RDPR_315392_19,Jammu and Kashmir,no,"The tender is for civil construction of a lane drain, unrelated to any Meril 360 product."
ANSI,360,147.,11-Jul-2026 09:00 AM,30-Jul-2026 04:00 PM,31-Jul-2026 11:00 AM,Balance work for Transit Accommodation for JandK Migrant Employees at Fatehpora II (flood Colony) Baramulla (21st Block and 72 Flats) and Construction of internal and External Sewarage Network for STP at Transit Accommodation Khowjabagh Bla,35/3577-86/2026-27/RnB/Bla Dated 09.07.2026,2026_PWDJK_315285_1,Jammu and Kashmir,no,"The tender is for civil construction of accommodation and sewage infrastructure, which does not involve any Meril 360 products.  [Dept: Unknown]"
ANSI,360,148.,10-Jul-2026 06:40 PM,03-Aug-2026 05:00 PM,03-Aug-2026 05:30 PM,Used Water Management WSP For Nagar Panchayat Tondi Fatehpur Distt Jhansi UP under SBM U 2 Programme,NIT No. 943 /F-03 /122 dated- 03.07.2026,2026_UPJNM_1168470_1,Uttar Pradesh,no,"Tender concerns civil water management works, unrelated to any Meril 360 medical products.  [Dept: Unknown]"
ANSI,360,149.,10-Jul-2026 05:40 PM,03-Aug-2026 05:00 PM,03-Aug-2026 05:30 PM,Used Water Management (WSP) For Nagar Palika Parishad Chirgaon Distt Jhansi UPunder SBM U 2 Programme,NIT No. 945/F-03 /1124 dated- 03.07.2026,2026_UPJNM_1168390_1,Uttar Pradesh,no,Tender is for civil works (water management/sewerage) with no relation to any Meril 360 product.  [Dept: Unknown]
ANSI,360,151.,10-Jul-2026 05:00 PM,28-Jul-2026 01:00 PM,31-Jul-2026 03:00 PM,Supply of PC Pipe and Transition Pipe,POM-14411 Supply of PC Pipe and Transition Pipe,2026_HBC_534792_1,Haryana,no,"Tender is for supply of PC pipe and transition pipe, unrelated to any Meril 360 product.  [Dept: Unknown]"
ANSI,360,152.,10-Jul-2026 05:00 PM,03-Aug-2026 05:00 PM,03-Aug-2026 05:30 PM,Used Water Management WSP For Nagar Panchyat Badagaon Distt Jhansi UP under SBM U 2 Programme,944 /F-03 /123 dated- 03.07.2026,2026_UPJNM_1168323_1,Uttar Pradesh,no,"Tender is for civil water management and sewerage works, unrelated to any Meril 360 product.  [Dept: Unknown]"
ANSI,360,153.,10-Jul-2026 04:00 PM,22-Jul-2026 04:00 PM,23-Jul-2026 02:00 PM,"LOPPING/CHOPPING AND TREE CUTTING IN THE CORRIDORE OF DIVERSION OF 132KV BANSI-MEHDAWAL, 132 KV BANSI-RUDHAULI LINE AND 220KV BANSI-PGCIL (GKP) LINE",E-tender no.16-2026-27,2026_UPTCL_1168308_1,Uttar Pradesh,no,"The tender is for tree cutting and electrical line work, unrelated to any Meril 360 product."
ANSI,360,154.,10-Jul-2026 04:00 PM,31-Jul-2026 02:00 PM,03-Aug-2026 03:00 PM,Repair and renovaton of PCP building and expansion of existing library at DDE and O building at New University Campus,enit 202 dated 08-7-2026,2026_UDJK_315387_1,Jammu and Kashmir,no,Tender is for civil construction (building repair/renovation) with no medical or product relevance to Meril's 360 Division catalog.  [Dept: Unknown]
ANSI,360,155.,10-Jul-2026 12:00 PM,25-Jul-2026 12:00 PM,25-Jul-2026 12:30 PM,construction of link road from jalesar agra marg gudau to nagla sukhimaansingh,492/RED/Tender/etah/lekha -03/bond claerk/2026-2701-07-2026,2026_REDUP_1167709_2,Uttar Pradesh,no,Tender is for civil road construction with no relation to any Meril 360 product.  [Dept: Unknown]
ANSI,360,156.,10-Jul-2026 10:00 AM,24-Jul-2026 03:00 PM,24-Jul-2026 03:30 PM,LOT-05 Brick Soling work on the Canal Service Road and Protection Works from Head to Km 15.200 (Tail) of Month Dy. in District Jhansi.,03/SE-IV/2026-27,2026_UPIDC_1167957_5,Uttar Pradesh,no,"The tender is for civil brick soling work on a canal road, unrelated to any Meril 360 product.  [Dept: Unknown]"
ANSI,360,157.,10-Jul-2026 10:00 AM,24-Jul-2026 03:00 PM,24-Jul-2026 03:30 PM,"LOT-02 Restoration work of Puraini Dy. from Km 0.000 to Km 14.680 under the Dhasan Canal System, Saprar Division, Jhansi, in District Hamirpur.",03/SE-IV/2026-27,2026_UPIDC_1167957_2,Uttar Pradesh,no,"Tender is for civil restoration work of a canal, unrelated to any Meril 360 product.  [Dept: Unknown]"
ANSI,360,158.,10-Jul-2026 10:00 AM,24-Jul-2026 03:00 PM,24-Jul-2026 03:30 PM,"LOT-03 Restoration work of Jariya Dy. from Km 0.000 to Km 9.650 under the Dhasan Canal System, Saprar Division, Jhansi, in District Hamirpur.",03/SE-IV/2026-27,2026_UPIDC_1167957_3,Uttar Pradesh,no,"The tender is for civil irrigation canal restoration work, unrelated to any Meril 360 product.  [Dept: Unknown]"
ANSI,360,159.,10-Jul-2026 10:00 AM,24-Jul-2026 03:00 PM,24-Jul-2026 03:30 PM,LOT-09 Brick Soling work on the Canal Service Road at Various Reaches of Gursarai Main Canal under Jhansi Division Betwa Canal in District Jhansi.,03/SE-IV/2026-27,2026_UPIDC_1167957_9,Uttar Pradesh,no,"Tender is for civil brick work on a canal road, unrelated to any Meril 360 product.  [Dept: Unknown]"
ANSI,360,160.,10-Jul-2026 09:00 AM,24-Jul-2026 05:00 PM,25-Jul-2026 12:00 PM,Construction of Transit Hostel G12 04 Nos. Tower at Police Line Etawah in Distt. Etawah,873/E-Nivida/242 Dated 29-04-2026,2026_UPCDS_1144106_2,Uttar Pradesh,no,Tender is for construction of a transit hostel (civil works) with no relation to any Meril 360 product.
ANSI,360,161.,10-Jul-2026 09:00 AM,27-Jul-2026 05:30 PM,30-Jul-2026 11:00 AM,WB/PWD/NBCD/NIT/06/2026-27 Sl No 01,WB/PWD/EE/NBCD/NIT/06/2026-27,2026_WBPWD_5016439_1,West Bengal,no,"The tender is for civil engineering boulder protection work on a bridge foundation, unrelated to any Meril 360 product.  [Dept: Unknown]"
ANSI,360,162.,09-Jul-2026 06:00 PM,24-Jul-2026 06:00 PM,25-Jul-2026 10:00 AM,Development of Shahidi Samarak of Koushalaya Devi D/o Bansi Lal at Kolhata Pyt Malhori Block Khellani (PRIs Grant),e-NIT No 20 of REW Doda 2026-27 Dated.09.07.2026,2026_RDPR_315330_27,Jammu and Kashmir,no,The tender is for civil works (development of a memorial) with no relation to any Meril 360 product.  [Dept: Unknown]
ANSI,360,163.,09-Jul-2026 05:00 PM,23-Jul-2026 05:00 PM,24-Jul-2026 09:00 AM,ons of street from baba peer to h/o of skinder singh sansi basti at village- kheri gulam ali block- siwan CONST OF ILPB STREET NEAR H/O NARAIN TO GAUSHALSA AT VILLAGE PAPSAR BLOCK SIWAN CONST OF ILPB STREET FORM PWD ROAD TO NAGAR KHERA VIA H/O R,2026C216B3AB A488 43D6 BC81 9E009E8D44F71995DEV,2026_HRY_534618_1,Haryana,no,The tender is for civil street construction with no relation to any Meril 360 medical products.
ANSI,360,164.,09-Jul-2026 05:00 PM,24-Jul-2026 05:00 PM,27-Jul-2026 12:00 PM,Construction of Raja Sansi Mal Sansi Bhawan at Village Kalanaur Block Kalanaur District Gurdaspur,PRD/GSP/2026/28,2026_DRDP_171646_1,Punjab,no,"The tender is for construction of a civil building, unrelated to any Meril 360 product.  [Dept: Unknown]"
ANSI,360,165.,09-Jul-2026 01:00 PM,24-Jul-2026 05:00 PM,27-Jul-2026 11:30 AM,Construction of Transit House at Sundargarh Buildings.,CCEKC-05/2026-27,2026_EICCL_135049_1,Odisha,no,"Tender is for civil construction of a transit house, unrelated to any Meril 360 product.  [Dept: Unknown]"
ANSI,360,166.,09-Jul-2026 09:00 AM,22-Jul-2026 05:00 PM,23-Jul-2026 09:00 AM,Providing patch work on Datta to Lohari Road in Km 0.15 to 5.14 in Hansi District (Road ID 9161) (Mhari Sadak Complaints) (Without GST).,2026DECF7CA8 9307 4739 B231 9D2553E110C7634BAR,2026_HRY_534384_1,Haryana,no,"The tender is for civil road patch work, unrelated to any Meril 360 product.  [Dept: Unknown]"
ANSI,360,167.,09-Jul-2026 09:00 AM,22-Jul-2026 05:00 PM,23-Jul-2026 09:00 AM,Providing Patch work on Kheri Jalab to Narnaund Khanda Kheri Dharmkheri Karela in Km 14.56 to 21.62 to and Khanda Kheri Bye Pass in Km 0 to 0.52 and 0.62 to 1.18 in Hansi District (Road ID 5170 and 5242) (For Mhari Sadak Complaints) (Without GST),2026E3D79B8D 13F0 4384 A1A1 DD73ECAB772B634BAR,2026_HRY_534362_1,Haryana,no,"The tender is for civil road patch work, unrelated to any Meril 360 product.  [Dept: Unknown]"
ANSI,360,168.,08-Jul-2026 06:45 PM,27-Jul-2026 12:00 PM,29-Jul-2026 12:00 PM,NIET_WBPHE_05_ND_OF_26_27,WBPHE_05_ND_OF_26_27,2026_PHED_1031384_1,West Bengal,no,"Tender is for civil works (pipeline repair, water supply scheme) with no relation to any Meril 360 product.  [Dept: Unknown]"
ANSI,360,169.,07-Jul-2026 06:00 PM,24-Jul-2026 01:00 PM,24-Jul-2026 03:00 PM,"Repair of Expansion Joints in Sinchai Bhawan, Sector-5, Panchkula",20265947C0DF FBB5 4A45 8C2F B5AEF67CC20B508IRR,2026_HRY_534168_1,Haryana,no,"Tender is for civil repair of expansion joints in a building, unrelated to any Meril 360 product.  [Dept: 360]"
ANSI,360,170.,07-Jul-2026 05:30 PM,29-Jul-2026 05:30 PM,31-Jul-2026 10:30 AM,Supplying and installation of metal expansion joint for pump no 5 at stage-III of Kathora Lift irrigation scheme at Mandleshwar Distt Khargone (M.P.),40/2026-27/SAC/1843,2026_NVDA_519802_1,Madhya Pradesh,no,"Tender is for supplying and installing a metal expansion joint for a pump in an irrigation scheme, which has no relation to any Meril 360 product."
ANSI,360,171.,07-Jul-2026 03:10 PM,03-Aug-2026 12:00 PM,03-Aug-2026 12:30 PM,Janpad Nyayalay Sidharthnagar me Nyayik Adhisthan ewm Bahya Nyayalay Bansi ke Jila Nyayadhish aur uppar Jila Nyayadhish ke Nyayalay kaksho ewm vishram kaksho me air conditioning ka karya,994(2)/Nivida Suchna GKP-Zone-E/M Circle/2026-27 Dt 27.06.2026,2026_CEEMP_1167339_1,Uttar Pradesh,no,"Tender is for air‑conditioning works in judicial buildings, unrelated to any Meril 360 medical product.  [Dept: Unknown]"
ANSI,360,172.,07-Jul-2026 03:00 PM,27-Jul-2026 01:00 PM,28-Jul-2026 11:30 AM,"Insurance of plant, machinery and building (Whole plant/unit including new expansion projects) against fire, special perils, earthquake and FST risks/STFI Risks (Storm, Tempest, Flood, Inundation, Hurricane, Cyclone, Tornado) etc.",2026-27/008,2026_Coop_171488_1,Punjab,no,"The tender concerns insurance services for plant, machinery and buildings, which does not match any Meril 360 product.  [Dept: Unknown]"
ANSI,360,173.,07-Jul-2026 02:00 PM,27-Jul-2026 06:00 PM,28-Jul-2026 11:00 AM,Strengthening and Widening of Surpura to Malamsingh Ki Sid Kansingh Ki Sid NH-11,NIT No.5/2026-27 of ACE PWD Zone-I Jodhpur,2026_CEPWD_572280_1,Rajasthan,no,The tender concerns civil road widening works and has no relation to any medical or infection‑prevention products listed.  [Dept: Unknown]
ANSI,360,174.,07-Jul-2026 09:00 AM,27-Jul-2026 06:00 PM,28-Jul-2026 02:00 PM,Minor Repair High School Shaheed Naib Subedar Bansi Lal ( Maira Mandrian) Under PM Shree-PAB 2025-26,e-NIT No. 31 of 2026-27 Dated 06-07-2026,2026_PWDJK_314740_13,Jammu and Kashmir,no,"Tender concerns civil repair works for a high school, unrelated to any Meril 360 product.  [Dept: Unknown]"
ANSI,360,175.,06-Jul-2026 10:00 AM,27-Jul-2026 06:00 PM,30-Jul-2026 11:00 AM,Construction of Samudaik Bhawan Datia Nagar Palika Ward 34 Gwalior Jhansi State Highway,01/EERESDATIA/2026-27,2026_RES_517399_1,Madhya Pradesh,no,Tender is for civil construction work unrelated to any Meril 360 product.  [Dept: Unknown]
ANSI,360,176.,04-Jul-2026 11:00 AM,25-Jul-2026 06:00 PM,27-Jul-2026 10:00 AM,"Procurement, Installation and Maintenance and Expansion of canteen Infrastructure",VPC/SEC/CRP/26-27/CAN/1490,2026_VPC_30108_1,Goa,no,"Tender is for construction and canteen infrastructure, unrelated to any Meril 360 product.  [Dept: Unknown]"
ANSI,360,177.,03-Jul-2026 02:00 PM,23-Jul-2026 01:00 PM,25-Jul-2026 01:00 PM,KMC/C-ICMP(S)/22/A415/2025-26,KMC/C-ICMP(S)/22/A415/2025-26,2026_KMC_1030623_1,West Bengal,no,"Tender is for essential items for sewer cleansing machines, unrelated to any Meril 360 medical products.  [Dept: Unknown]"
ANSI,360,178.,02-Jul-2026 09:00 AM,23-Jul-2026 12:00 PM,24-Jul-2026 03:00 PM,"TN-15311 Supply of Different sized Metallic Expansion Joints (Bellows) for Bowl Mills and Tube Mills Stage- I to V at KSTPS, Kota.",TN-15311,2026_RRVUN_571807_1,Rajasthan,no,"Tender is for industrial metallic expansion joints (bellows) for bowl and tube mills, which do not match any Meril 360 product."
ANSI,360,179.,01-Jul-2026 10:00 AM,23-Jul-2026 12:00 PM,28-Jul-2026 04:00 PM,"Installation, testing, and Commissioning of Fuji supplied Field Circuit Breaker panel and Thyristor panel.",APGCL/CGM(Gen)/2026-27/FCB and Thyristor Panel- KLHEP /10,2026_APGCL_52920_1,Assam,no,"Tender is for installation and commissioning of electrical circuit breaker and thyristor panels, unrelated to any Meril 360 Division product.  [Dept: Unknown]"
ANSI,360,180.,30-Jun-2026 06:00 PM,22-Jul-2026 06:00 PM,24-Jul-2026 11:00 AM,GENERAL-Expansion and major additional to coastal infrasturcture-Demolition and Renovation of existing boat jetty at Dharmadam Fish landing centre-General Civil Work-1,HED/CEHED/TR/617/2025_5_1_1/1,2026_HED_858284_1,Kerala,no,"Tender is for civil infrastructure demolition and renovation of a boat jetty, unrelated to any Meril 360 product.  [Dept: Unknown]"
ANSI,360,181.,30-Jun-2026 04:12 PM,23-Jul-2026 10:30 AM,23-Jul-2026 10:31 AM,KTPP,80/2026-27/CE/OM/KTPP/CHP EM/Supply of complete set of Rubber Expansion Joint assembly for Stage-I Pumps at Kaleshwaram intake pump house,712386,Telangana,no,"Tender is for rubber expansion joint assembly for pumps, unrelated to any Meril 360 product.  [Dept: Unknown]"
ANSI,360,182.,29-Jun-2026 03:00 PM,22-Jul-2026 06:00 PM,24-Jul-2026 04:00 PM,10. Const. of W.B.M. Road From Chowkibardi Chandilal Maharaj Railway Tunnel to Shri. Thansing Appa house to Connecting road to the River At- Jamada- Bhaur Tal. - Chalisgaon,ZPJL/Works/e.TenderNotice No.15/2026-27,2026_JALGA_1311248_10,Maharashtra,no,"The tender is for civil road construction work, unrelated to any Meril 360 product."
ANSI,360,183.,29-Jun-2026 09:00 AM,22-Jul-2026 11:00 AM,24-Jul-2026 02:30 PM,"OH of Air/Flue Gas Duct, Expansion Joint at Unit #5 in 2027.",GMOH-5(K)/CC/BM /3871/E3990,2026_WBPDC_1029157_1,West Bengal,no,"Tender concerns air/flue gas duct expansion joint services for a power plant, unrelated to any Meril 360 medical products."
ANSI,360,184.,24-Jun-2026 10:30 AM,04-Aug-2026 11:00 AM,04-Aug-2026 03:00 PM,"SUPPLY, ERECTION AND COMMISSIONING OF 1 NO OF DIRECT EXPANSION TYPE 5 KL CAPACITY BULK MILK COOLER, GENSET, VFD AND ITS ACCESSORIES FOR SIVAGANGAI DCMPU LTD UNDER NPDD SCHEME FOR THE YEAR 2025-26",1924/PSII/2026,2026_TCMPF_682419_1,Tamil Nadu,no,"Tender is for supply, erection and commissioning of a bulk milk cooler, generator set and VFD, unrelated to any Meril 360 product."
ANSI,360,185.,24-Jun-2026 10:05 AM,04-Aug-2026 11:00 AM,04-Aug-2026 03:00 PM,"SUPPLY, ERECTION AND COMMISSIONING OF 1 NO OF DIRECT EXPANSION TYPE 2 KL CAPACITY BULK MILK COOLER, GENSET, VFD AND ITS ACCESSORIES FOR SIVAGANGAI DCMPU LTD UNDER NPDD SCHEME FOR THE YEAR 2025-26",1922/PSII/2026,2026_TCMPF_682452_1,Tamil Nadu,no,"Tender is for supply, erection and commissioning of a bulk milk cooler, genset and VFD, which are unrelated to any Meril 360 product.  [Dept: Unknown]"
ANSI,360,186.,24-Jun-2026 10:00 AM,04-Aug-2026 11:00 AM,04-Aug-2026 03:00 PM,"SUPPLY, ERECTION AND COMMISSIONING OF 3 NO OF DIRECT EXPANSION TYPE 3 KL CAPACITY BULK MILK COOLER, GENSET, VFD AND ITS ACCESSORIES FOR SIVAGANGAI DCMPU LTD UNDER NPDD SCHEME FOR THE YEAR 2025-26 / FBDP SCHEME",1923/PSII/2026,2026_TCMPF_682464_1,Tamil Nadu,no,"Tender is for milk coolers, generators and VFDs, unrelated to any Meril 360 product.  [Dept: Unknown]"
ANSI,360,187.,17-Jun-2026 09:00 AM,23-Jul-2026 04:00 PM,23-Jul-2026 05:00 PM,Survey Investigation and designing Hydrographic Hydraulic Structural etc of Construction of Drain From Lakshmi Gate to STP Plant to Sudha Vihar Colony Gate no 2 to Highway in Jhansi including supply of all material labour Tand P etc,1208/M-10/334 Dated 16/06/2026,2026_UPCDS_1161273_1,Uttar Pradesh,no,"The tender is for civil engineering survey and construction of a drainage system, which does not involve any Meril 360 medical products."
ANSI,360,188.,17-Jun-2026 09:00 AM,23-Jul-2026 04:00 PM,23-Jul-2026 05:00 PM,Survey Investigation and designing Hydrographic Hydraulic Structural etc of Construction of Drain From Kacche Pul to Lahar Devi Mandir to Highway Pulia and HTP to Rajput Khet and Desi Sharab ki Pulia at Civil Lines to Main Nala of Cantt in Jhansi,1211/M-10/337 Dated 16/06/2026,2026_UPCDS_1161272_1,Uttar Pradesh,no,"Tender is for civil engineering survey and design of drainage structures, unrelated to any Meril 360 product.  [Dept: Unknown]"
ANSI,360,189.,15-Jun-2026 06:00 PM,06-Aug-2026 04:00 PM,07-Aug-2026 04:00 PM,Development of Jhansi Link Expressway_II,UPEIDA/2026/3863/JLE_PKG_II,2026_UPEID_1160883_1,Uttar Pradesh,no,"Tender is for a civil expressway construction project, unrelated to any Meril 360 product."
ANSI,360,190.,15-Jun-2026 06:00 PM,06-Aug-2026 04:00 PM,07-Aug-2026 04:00 PM,Development of Jhansi Link Expressway_I,UPEIDA/2026/3863/JLE_PKG_I,2026_UPEID_1160869_1,Uttar Pradesh,no,"The tender concerns civil construction of an expressway, unrelated to any medical or infection‑prevention products listed.  [Dept: Unknown]"
ANSI,360,191.,15-Jun-2026 04:00 PM,22-Jul-2026 01:00 PM,22-Jul-2026 02:00 PM,9-) Ward No. 07 me Sri. Manohar Lal Pal ke makan se J.B. Singh ke makan hote huye Sri. Bansidhar ke makan tak CC road wa Nali Nirman Kary.,275/NPPH/TENDER/2026-27 date 10-06-2026,2026_DOLBU_1159873_1,Uttar Pradesh,no,"Tender is for road construction works, unrelated to any Meril 360 product.  [Dept: Unknown]"
ANSI,360,192.,11-Jun-2026 06:00 PM,25-Jul-2026 11:00 AM,25-Jul-2026 03:00 PM,"Erection of 01 NOS 33 KV Birdha Bay with Supply of Material, Integration and Remote Gateway work at 220KV Ss Birdha under ETD Jhansi",ETS-19/ETC(J)/2025-26,2026_UPTCL_1112970_2,Uttar Pradesh,no,Hard-reject: electrical/power-infra signal '33 kv' — not a Meril product.
ANSI,360,193.,11-Jun-2026 06:00 PM,25-Jul-2026 11:00 AM,25-Jul-2026 03:00 PM,"Erection of 01 Nos 33KV Rewan Bay with supply of material, Integration and Remote Gateway work",ETS-20/ETC(J)/2025-26,2026_UPTCL_1113003_2,Uttar Pradesh,no,Tender is for electrical infrastructure works (33KV bay erection) unrelated to any Meril 360 product.  [Dept: Unknown]
ANSI,360,194.,11-Jun-2026 03:00 PM,31-Jul-2026 03:00 PM,03-Aug-2026 03:30 PM,"Appointment of Agency for obtaining of EC, and CTE for Expansion of existing R and R Colony located at Village Sukhabandha and Hemgir",OCPL/MCMP/SER-214/2026,2026_OCAPL_131710_1,Odisha,no,"Tender concerns environmental clearance services for a coal and power project, unrelated to any Meril 360 product.  [Dept: Unknown]"
ANSI,360,195.,08-Jun-2026 05:00 PM,25-Jul-2026 02:00 PM,27-Jul-2026 02:30 PM,"Management Contract of Dum Dum Municipal Specialised Hospital and Cancer Research center (Expansion Project), for running this Expansion Project. Monthly license fee to be paid to ULB",233/DDM/GEN/27-28,2026_MAD_1027042_1,West Bengal,no,The tender concerns a hospital management services contract with no mention of any Meril 360 product.  [Dept: Unknown]
ANSI,360,196.,05-Jun-2026 03:00 PM,03-Aug-2026 10:00 AM,03-Aug-2026 11:00 AM,Estimate for lining of peori disty RD 20137-26187 (Extension portion) off taking,14/22A/2026-27,2026_WR_169450_2,Punjab,no,"Tender is for civil engineering work (concrete lining of a canal), unrelated to any Meril 360 product."
ANSI,360,197.,15-May-2026 09:00 AM,22-Jul-2026 11:00 AM,23-Jul-2026 11:00 AM,REPLACEMENT OF PIPELINE COLUMN PIPE WATER CONNECTION SLUICE VALVE REPAIR OF CHLORINATOR and REPAIR OF EXPANSION JOINT OF WATER SUPPLY SCHEME KANG SABOO BLOCK NAKODAR DISTT JALANDHAR UNDER 15th FC,Kang Saboo 2026-27 15th FC,2026_WSS_168311_1,Punjab,no,"Tender concerns civil water supply infrastructure (pipeline, valve, chlorinator) with no relation to any Meril 360 medical products.  [Dept: Unknown]"
ANSI,360,198.,15-May-2026 09:00 AM,22-Jul-2026 11:00 AM,23-Jul-2026 11:00 AM,REPLACEMENT OF PIPELINE WATER CONNECTION SLUICE VALVE REPAIR OF STAFF QUARTER and REPAIR OF EXPANSION JOINT OF WATER SUPPLY SCHEME SARINH BLOCK NAKODAR DISTT JALANDHAR UNDER 15th FC,Sarinh 2026-27 15th FC,2026_WSS_168320_1,Punjab,no,"Tender is for civil water supply pipeline works (valve replacement, expansion joint repair) unrelated to any Meril 360 product."
ANSI,360,199.,07-May-2026 04:00 PM,27-Jul-2026 11:00 AM,27-Jul-2026 02:00 PM,Tender No. 06/EGD/2026-27,06/EGD/2026-27,2026_UPJVN_1146211_1,Uttar Pradesh,no,"Tender is for supply and installation of drainage water pumps, which have no relation to any Meril 360 Division product.  [Dept: Unknown]"
ANSI,360,200.,21-Apr-2026 05:00 PM,22-Jul-2026 04:00 PM,23-Jul-2026 12:00 PM,"Engagement of Consultant for preparation of DPR and Tender Document for PROPOSED INSTALLATION OF ARTIFICIAL SKI SURFACE/TURF WITH COVERED MAGIC CARPET AND SLOPE EXPANSION AT THE EXISTING SKI DRAG LIFT SLOPE, GULMARG",E-NIT No.17 of 2026,2026_JKSCC_308305_1,Jammu and Kashmir,no,"The tender is for consulting services to install an artificial ski surface, which does not involve any of Meril's medical products.  [Dept: Unknown]"
ANSI,360,201.,16-Mar-2026 06:00 PM,23-Jul-2026 03:00 PM,24-Jul-2026 04:00 PM,Replacement of Furnace outlet expansion cloth in Boiler 6 at Energy Mechanical in TNPL Unit I,TNPL/TOS/U1/252613007879,2026_TNPL_675130_1,Tamil Nadu,no,"Tender is for replacement of boiler furnace outlet expansion cloth, unrelated to any Meril 360 product.  [Dept: Unknown]"
SMS,360,1.,21-Jul-2026 05:00 PM,28-Jul-2026 11:00 AM,28-Jul-2026 11:30 AM,Laying Jointing and testing of ductile iron DI K7 150 mm dia pipes and construction of 5 nos RCC manhole chambers near Baba medical store at Dharasmshala,NO. EE-JSD-EA-I-2026-3493-3592 dt.21.07.2026,2026_HPIPH_139579_1,Himachal Pradesh,no,Tender is for civil works (ductile iron pipe laying and manhole construction) unrelated to any Meril 360 product.  [Dept: Unknown]
SMS,360,2.,20-Jul-2026 11:00 AM,05-Aug-2026 03:00 PM,11-Aug-2026 11:00 AM,"Construction of toilet block at connection passage (1st floor) of SMS department at CUSAT, Thrikkakara Campus.",CUSAT/ET-66 (CIVIL)/UEU/5387/26-27,2026_CUSAT_861335_1,Kerala,no,Tender is for construction of a toilet block (civil works) with no relation to any Meril 360 product.  [Dept: Unknown]
SMS,360,3.,20-Jul-2026 12:38 AM,24-Jul-2026 02:00 PM,24-Jul-2026 05:00 PM,Rainwater Harvesing Pits,"EE/TGEWIDC/RRD/NIT-53/2026-27, DT:16.07.2026",718043,Telangana,no,"The tender is for civil construction of rainwater harvesting pits, unrelated to any Meril 360 product.  [Dept: Unknown]"
SMS,360,4.,18-Jul-2026 11:00 AM,28-Jul-2026 06:00 PM,29-Jul-2026 03:00 PM,Procurement of human resources Trained NTT teachers and part-time sanitation workers for PM SHRI schools,NIT-12/2026-27-SMSA BHILWARA,2026_RCSCE_575729_1,Rajasthan,no,"Tender is for hiring teachers and sanitation workers for schools, unrelated to any listed medical products.  [Dept: Unknown]"
SMS,360,5.,18-Jul-2026 09:00 AM,27-Jul-2026 06:00 PM,28-Jul-2026 12:00 PM,FURNITURE INSTALLTION WORK,339 SMSA DHOLPUR,2026_RCSCE_575661_1,Rajasthan,no,"Tender is for furniture installation work, which has no relation to any Meril 360 product.  [Dept: Unknown]"
SMS,360,6.,18-Jul-2026 12:12 AM,27-Jul-2026 04:00 PM,27-Jul-2026 04:01 PM,Municipal General Fund,"E1/DB/MCK/8201/260/2026-27/4, Dt: 14-07-2026",717727,Telangana,no,The tender concerns civil construction work (drain pipe and road) with no relation to any medical product in the list.  [Dept: Unknown]
SMS,360,7.,17-Jul-2026 06:34 PM,27-Jul-2026 04:00 PM,27-Jul-2026 04:01 PM,Municipal General Fund,"E1/DB/MCK/8201/260/2026-27/4, Dt: 14-07-2026",717626,Telangana,no,The tender concerns civil works (drain pipe laying and road construction) with no relation to any Meril 360 product.  [Dept: Unknown]
SMS,360,8.,17-Jul-2026 06:00 PM,27-Jul-2026 06:00 PM,28-Jul-2026 12:00 PM,Installation Water Coolar With R.O Purifier,338 SMSA DHOLPUR,2026_RCSCE_575631_1,Rajasthan,no,"The tender is for installing a water cooler with RO purifier for a school board, unrelated to any Meril 360 product.  [Dept: Unknown]"
SMS,360,9.,17-Jul-2026 06:00 PM,27-Jul-2026 06:00 PM,28-Jul-2026 12:00 PM,Installation Solar Panel,338 SMSA DHOLPUR,2026_RCSCE_575631_2,Rajasthan,no,"Tender is for installation of solar panels, unrelated to any Meril 360 Division medical products."
SMS,360,10.,17-Jul-2026 06:00 PM,27-Jul-2026 06:00 PM,28-Jul-2026 12:00 PM,Computer SUPPLY,338 SMSA DHOLPUR,2026_RCSCE_575631_3,Rajasthan,no,"Tender is for computer supply to a school education board, unrelated to any Meril 360 medical products.  [Dept: Unknown]"
SMS,360,11.,17-Jul-2026 06:00 PM,27-Jul-2026 06:00 PM,28-Jul-2026 12:00 PM,Smart Class Room Equipment Like Interactive Panel / Smart Board Cum Smart LED Panel,336 smsa dholpur,2026_RCSCE_575656_1,Rajasthan,no,"The tender is for smart classroom interactive panels and LED panels, unrelated to any medical product in Meril's 360 Division catalog.  [Dept: Unknown]"
SMS,360,12.,17-Jul-2026 06:00 PM,27-Jul-2026 06:00 PM,28-Jul-2026 12:00 PM,Installation Solar Panel,338 SMSA DHOLPUR,2026_RCSCE_575631_2,Rajasthan,no,"The tender is for installation of solar panels, which is unrelated to any Meril 360 product.  [Dept: Unknown]"
SMS,360,13.,17-Jul-2026 06:00 PM,27-Jul-2026 06:00 PM,28-Jul-2026 12:00 PM,Computer SUPPLY,338 SMSA DHOLPUR,2026_RCSCE_575631_3,Rajasthan,no,"Tender is for computer supply to an education council, unrelated to any Meril 360 Division product."
SMS,360,14.,17-Jul-2026 06:00 PM,27-Jul-2026 06:00 PM,28-Jul-2026 12:00 PM,CCTV Setup Camera And HardDisc For Recording,338 SMSA DHOLPUR,2026_RCSCE_575631_7,Rajasthan,no,"Tender is for CCTV camera and recording equipment, unrelated to any Meril 360 product.  [Dept: Unknown]"
SMS,360,15.,17-Jul-2026 06:00 PM,27-Jul-2026 06:00 PM,28-Jul-2026 12:00 PM,PROJECTOR WITH SCREEN,338 SMSA DHOLPUR,2026_RCSCE_575631_4,Rajasthan,no,"Tender is for a projector with screen, unrelated to any Meril 360 Division medical products.  [Dept: Unknown]"
SMS,360,16.,17-Jul-2026 05:00 PM,24-Jul-2026 05:00 PM,28-Jul-2026 10:00 AM,PROVIDING MANPOWER SERVICES THROUGH EXTERNAL MECHANISMS FOR THE MUNCIPAL COUNCIL DEULGAON RAJA,1045/2026,2026_DMA_1319081_1,Maharashtra,no,The tender is for providing manpower services to a municipal council and has no relation to any Meril 360 product.  [Dept: Unknown]
SMS,360,17.,17-Jul-2026 02:00 PM,28-Jul-2026 02:00 PM,29-Jul-2026 02:00 PM,Medicine Items Supply in PDDU Hospital Jaipur,E-NIT-20/PDDUH/STORE/2026/326 DATE 16-07-2026,2026_SMSMC_575381_1,Rajasthan,no,"Tender seeks supply of medicines, which does not match any Meril 360 Division product.  [Dept: Unknown]"
SMS,360,18.,17-Jul-2026 12:15 PM,25-Jul-2026 05:00 PM,27-Jul-2026 11:30 AM,HPPTCL/PIU SARABAI/TENDERS/SMS/2026-27/06,HPPTCL/PIU SARABAI/TENDERS/SMS/2026-27/06,2026_HPPTC_139245_1,Himachal Pradesh,no,Hard-reject: electrical/power-infra signal 'substation' — not a Meril product.
SMS,360,19.,17-Jul-2026 12:00 PM,28-Jul-2026 04:00 PM,30-Jul-2026 12:00 PM,Tender for Supply Disposable and consumable item,Store/MCSG/2026-2027/597 dated 13/07/2026,2026_SMSMC_575382_1,Rajasthan,proceed_futher,"The tender is for generic disposable and consumable items for a medical college, which could include Meril's surgical gowns or drapes.  [Dept: 360, Category: Surgical Gowns]"
SMS,360,20.,17-Jul-2026 09:00 AM,30-Jul-2026 06:00 PM,31-Jul-2026 03:00 PM,"Peon for Primary classes, cleaning Services",NIT 03 ADPC SMSA Deeg,2026_DIRSE_575477_1,Rajasthan,no,Tender is for cleaning services manpower (Peon) with no relation to any Meril 360 product.  [Dept: Unknown]
SMS,360,21.,16-Jul-2026 03:00 PM,06-Aug-2026 03:00 PM,07-Aug-2026 03:00 PM,"Preparation of Accounts of RMRS of SMS Hospital as per TOR of bidding document for the FY 2026-27, 2027-28",280_15.07.2026,2026_SMSMC_575180_1,Rajasthan,no,"The tender is for accounting services for a hospital, with no mention of any Meril 360 product."
SMS,360,22.,15-Jul-2026 01:06 PM,22-Jul-2026 03:00 PM,22-Jul-2026 03:01 PM,Eco and heat Optimiser for SMS Plant RG3,ER326P0081,716926,Telangana,no,"The tender concerns an eco and heat optimiser for an SMS plant, unrelated to any Meril 360 product.  [Dept: Unknown]"
SMS,360,23.,14-Jul-2026 12:00 PM,23-Jul-2026 05:00 PM,24-Jul-2026 11:30 AM,Rate contract for surgical and disposable items,3372,2026_SMSMC_574887_1,Rajasthan,proceed_futher,"Broad rate contract for surgical and disposable items at a medical college, which may include Meril 360 Division products such as surgical gowns or drapes.  [Dept: 360, Category: Surgical Gown]"
SMS,360,24.,14-Jul-2026 11:00 AM,23-Jul-2026 11:00 AM,23-Jul-2026 11:30 AM,Developments to SMS Nagar road in Subrayapuram,13/TNRCP/e-Tender/2026-27,2026_DLA_22566_1,Puducherry UT,no,The tender is for civil road development work unrelated to any Meril 360 product.  [Dept: Unknown]
SMS,360,25.,13-Jul-2026 10:00 AM,22-Jul-2026 02:00 PM,23-Jul-2026 11:00 AM,"Shifting and Reinstallation of Fire Fighting Pipe in RKBC Block at SMS Hospital, Jaipur",EE_PWD_Medical_NIT_15_2026_27,2026_CEPWD_574668_4,Rajasthan,no,"The tender concerns shifting and reinstalling fire fighting pipe in a hospital, unrelated to any Meril 360 product."
SMS,360,26.,13-Jul-2026 10:00 AM,22-Jul-2026 02:00 PM,23-Jul-2026 11:00 AM,"Electric work in Dhanwantri Registraion (New DDC No. 10,11) at SMS Hospital, Jaipur",EE_PWD_Medical_NIT_15_2026_27,2026_CEPWD_574668_3,Rajasthan,no,"The tender concerns electrical work at a hospital, with no mention of any Meril 360 product.  [Dept: Unknown]"
SMS,360,27.,12-Jul-2026 06:00 PM,22-Jul-2026 02:00 PM,23-Jul-2026 11:00 AM,"Ducting and Piping work in Trauma Center OTS at SMS Hospital, Jaipur",EE_PWD_Medical_NIT_15_2026_27,2026_CEPWD_574668_2,Rajasthan,no,"Tender is for ducting and piping construction work in a trauma center, unrelated to any Meril 360 product."
SMS,360,28.,12-Jul-2026 06:00 PM,22-Jul-2026 02:00 PM,23-Jul-2026 11:00 AM,"Ducting Insulation work in Trauma Center at SMS Hospital , Jaipur",EE_PWD_Medical_NIT_15_2026_27,2026_CEPWD_574668_1,Rajasthan,no,"Tender is for ducting insulation work in a trauma center, unrelated to any Meril product.  [Dept: Unknown]"
SMS,360,29.,10-Jul-2026 03:00 PM,22-Jul-2026 05:00 PM,23-Jul-2026 03:00 PM,"CAMC/AMC Contract different capacity UPS and Stabilizers at SMS Hospital, Jaipur",22_08.07.2026,2026_SMSMC_573882_1,Rajasthan,no,"Tender is for UPS and stabilizers (power equipment) at a hospital, unrelated to any Meril 360 product  [Dept: Unknown]"
SMS,360,30.,09-Jul-2026 06:00 PM,13-Aug-2026 03:30 PM,13-Aug-2026 04:00 PM,Request for Proposal Document for Procurement of SMS Services,F4.3(689)/RISL/Tech/2026- 02952-9744960/1921,2026_RISL_574113_1,Rajasthan,no,"The tender is for SMS communication services, which do not match any Meril 360 product.  [Dept: Unknown]"
SMS,360,31.,09-Jul-2026 03:00 PM,30-Jul-2026 03:00 PM,31-Jul-2026 04:00 PM,"Providing Shop No 02,03,04 Situated in RKBD, SMS Hospital Jaipur on lease for 2 years",266_08.07.2026,2026_SMSMC_573896_1,Rajasthan,no,"Tender is for leasing shop space in a hospital, unrelated to any Meril 360 product.  [Dept: Unknown]"
SMS,360,32.,09-Jul-2026 01:00 PM,24-Jul-2026 05:00 PM,25-Jul-2026 11:00 AM,Purchase of Erba H369 Cell Counter,No.SKU/CSMS/Erba H369 Cell Counter /Health Centre/2026 dated 29-06-2026,959673,Andhra Pradesh,no,"Tender is for an Erba H369 Cell Counter, which is not among Meril 360 Division product offerings.  [Dept: Unknown]"
SMS,360,33.,09-Jul-2026 12:59 AM,24-Jul-2026 12:00 AM,24-Jul-2026 03:00 PM,Bulk SMS gateway services and whatsapp business messaging and Rule Based chatbot services for TGSPDCL,STN-1593/26-27,715625,Telangana,no,"Tender is for bulk SMS gateway and chatbot services, which do not match any Meril 360 product.  [Dept: Unknown]"
SMS,360,34.,09-Jul-2026 12:05 AM,24-Jul-2026 05:00 PM,25-Jul-2026 10:30 AM,Purchase of Xerox Machine,No.SKU/CSMS/Xerox Machine/Principal Office/2026-27 dated 09-06-2026,959624,Andhra Pradesh,no,"The tender is for purchasing a Xerox printer and related equipment, which does not match any Meril 360 Division product."
SMS,360,35.,08-Jul-2026 01:14 PM,22-Jul-2026 03:30 PM,22-Jul-2026 04:00 PM,Gandikota Reservoir,"NIT No.05/2026-2027, Dated 01.07.2026",959361,Andhra Pradesh,no,"Tender concerns civil works for dam gate mechanisms, no relation to any listed medical product.  [Dept: Unknown]"
SMS,360,36.,06-Jul-2026 03:45 PM,29-Jul-2026 06:00 PM,30-Jul-2026 03:00 PM,Suplly and installation of iron Table and stul for 122 Schools of Ajmer Distt,NIT09 2026-27 ADPC SMSA Ajmer,2026_RCSCE_573378_1,Rajasthan,no,"Tender is for supply and installation of iron tables and stools for schools, unrelated to any Meril 360 Division medical products.  [Dept: Unknown]"
SMS,360,37.,04-Jul-2026 10:00 AM,22-Jul-2026 04:00 PM,25-Jul-2026 11:00 AM,"GENERAL-MSN/WS/2025-26-MVIP Lubrication of shutters and hoisting mechanisms of radial spillway, LBMC and RBMC main canal shutters at Malankara dam for the year 2025-26 General Mechanical Work.",IRR/MH/TR/2601/2025_16_2_1/1,2026_Irrig_858939_1,Kerala,no,"Tender is for mechanical maintenance of dam shutters and hoisting mechanisms, unrelated to any Meril 360 products.  [Dept: Unknown]"
SMS,360,38.,02-Jul-2026 05:00 PM,22-Jul-2026 05:00 PM,24-Jul-2026 11:00 AM,Procurement/ Engagement of Mechanical Road Sweeping Machines (MRSMS) along with comprehensive operation and maintenance for a period of O5 years for roads under jurisdiction of Greater Noida (Central Zonel on Opex model,HD/2026/1230-1231 DATED-30.06.2026,2026_GNIDA_1165809_1,Uttar Pradesh,no,"Tender is for procurement and O&M of mechanical road sweeping machines, which do not match any Meril 360 product.  [Dept: Unknown]"
SMS,360,39.,02-Jul-2026 05:00 PM,22-Jul-2026 05:00 PM,24-Jul-2026 11:00 AM,Procurement/ Engagement of Mechanical Road Sweeping Machines (MRSMs) along with comprehensive operation and maintenance for a period of OS years for roads under jurisdiction of Greater Noida (East Zone on Opex model,HD/2026/1230-1231 DATED-30.06.2026,2026_GNIDA_1165809_2,Uttar Pradesh,no,"The tender concerns procurement and operation of mechanical road sweeping machines, which are unrelated to any Meril 360 Division medical products."
SMS,360,40.,25-Jun-2026 05:00 PM,18-Aug-2026 05:00 PM,19-Aug-2026 03:00 PM,Miscellaneous Items for HPB and Liver Transplant Surgery OT,1711_24.06.2026,2026_SMSMC_571079_1,Rajasthan,proceed_futher,"Tender for miscellaneous items for HPB and liver transplant OT is vague but may include surgical drapes or gowns that match 360 division products.  [Dept: 360, Category: Surgical Gown]"
SMS,360,41.,20-Jun-2026 05:00 PM,17-Aug-2026 05:00 PM,18-Aug-2026 03:00 PM,Tender for the Procurement of Fully Automated immunodiagnostic system based on latest chemiluminesnce techniques on Reagents Rental Method,1540_08.06.2026,2026_SMSMC_569861_1,Rajasthan,no,"Tender is for a fully automated immunodiagnostic system, which does not match any 360 Division product.  [Dept: 360]"
SMS,360,42.,15-Jun-2026 03:00 PM,23-Jul-2026 02:00 PM,24-Jul-2026 03:00 PM,EXPRESSION OF INTEREST FOR EMPANELMENT OF ORIGINAL SYSTEM MANUFACTURERS (OSMs),ADFW/RTTC/TVM/79/2026/N,2026_AGRI_855709_1,Kerala,no,"Tender is for empanelment of original system manufacturers for agriculture services, unrelated to any Meril 360 product.  [Dept: Unknown]"
SMS,360,43.,21-May-2026 05:00 PM,18-Aug-2026 05:00 PM,19-Aug-2026 03:00 PM,"Drug Eluting Stents Cetegory of Goods Pacemakers, PTMC Balloon and other consumable items etc. for the use in Cath lab. (As per Annexure -5)",1399_20.05.2026,2026_SMSMC_561248_1,Rajasthan,proceed_futher,"Tender requests PTMC Balloon (a balloon catheter) and stents, matching our Balloon Dilatation Catheter and stent products for cath lab use.  [Dept: 360, Category: Balloon Dilatation Catheter]"
