bid_number,ra_no,ra_url
GEM/2026/B/7394857,GEM/2026/R/702338,https://bidplus.gem.gov.in/showradocumentPdf/9640596
GEM/2026/B/7555238,GEM/2026/R/689602,https://bidplus.gem.gov.in/showradocumentPdf/9534320
GEM/2026/B/7553031,GEM/2026/R/689585,https://bidplus.gem.gov.in/showradocumentPdf/9534125
GEM/2026/B/7555566,GEM/2026/R/700667,https://bidplus.gem.gov.in/showradocumentPdf/9628598
GEM/2026/B/7555437,GEM/2026/R/689593,https://bidplus.gem.gov.in/showradocumentPdf/9534176
GEM/2026/B/7493846,GEM/2026/R/696665,https://bidplus.gem.gov.in/list-ra-schedules/9595270
GEM/2026/B/7515629,GEM/2026/R/696674,https://bidplus.gem.gov.in/showradocumentPdf/9595325
GEM/2026/B/7538307,GEM/2026/R/702882,https://bidplus.gem.gov.in/showradocumentPdf/9645105
GEM/2026/B/7550109,GEM/2026/R/701430,https://bidplus.gem.gov.in/showradocumentPdf/9632661
GEM/2026/B/7549395,GEM/2026/R/701425,https://bidplus.gem.gov.in/showradocumentPdf/9632637
GEM/2026/B/7512124,GEM/2026/R/701104,https://bidplus.gem.gov.in/showradocumentPdf/9630799
GEM/2026/B/7540165,GEM/2026/R/701135,https://bidplus.gem.gov.in/showradocumentPdf/9630938
GEM/2026/B/7551857,GEM/2026/R/701588,https://bidplus.gem.gov.in/showradocumentPdf/9634130
GEM/2026/B/7552654,GEM/2026/R/701320,https://bidplus.gem.gov.in/list-ra-schedules/9631931
GEM/2026/B/7443159,GEM/2026/R/699726,https://bidplus.gem.gov.in/showradocumentPdf/9621134
GEM/2026/B/7540081,GEM/2026/R/695396,https://bidplus.gem.gov.in/showradocumentPdf/9585358
GEM/2026/B/7483089,GEM/2026/R/701685,https://bidplus.gem.gov.in/showradocumentPdf/9634994
GEM/2026/B/7531164,GEM/2026/R/701491,https://bidplus.gem.gov.in/showradocumentPdf/9633041
GEM/2026/B/7527489,GEM/2026/R/701252,https://bidplus.gem.gov.in/showradocumentPdf/9631524
GEM/2026/B/7511163,GEM/2026/R/700889,https://bidplus.gem.gov.in/showradocumentPdf/9630115
GEM/2026/B/7499855,GEM/2026/R/702199,https://bidplus.gem.gov.in/showradocumentPdf/9638950
GEM/2026/B/7442445,GEM/2026/R/702082,https://bidplus.gem.gov.in/showradocumentPdf/9637724
GEM/2026/B/7527144,GEM/2026/R/701265,https://bidplus.gem.gov.in/showradocumentPdf/9631593
GEM/2026/B/7338271,GEM/2026/R/702027,https://bidplus.gem.gov.in/showradocumentPdf/9637201
GEM/2026/B/7538022,GEM/2026/R/700579,https://bidplus.gem.gov.in/list-ra-schedules/9627723
GEM/2026/B/7560083,GEM/2026/R/701988,https://bidplus.gem.gov.in/showradocumentPdf/9636833
GEM/2026/B/7557966,GEM/2026/R/701916,https://bidplus.gem.gov.in/showradocumentPdf/9636380
GEM/2026/B/7497545,GEM/2026/R/701774,https://bidplus.gem.gov.in/showradocumentPdf/9635619
GEM/2026/B/7507282,GEM/2026/R/702035,https://bidplus.gem.gov.in/showradocumentPdf/9637309
GEM/2026/B/7416390,GEM/2026/R/701886,https://bidplus.gem.gov.in/showradocumentPdf/9636144
GEM/2026/B/7587506,GEM/2026/R/702360,https://bidplus.gem.gov.in/showradocumentPdf/9640812
GEM/2026/B/7600397,GEM/2026/R/684986,https://bidplus.gem.gov.in/showradocumentPdf/9495179
GEM/2026/B/7592197,GEM/2026/R/702724,https://bidplus.gem.gov.in/showradocumentPdf/9643825
GEM/2026/B/7548380,GEM/2026/R/701889,https://bidplus.gem.gov.in/list-ra-schedules/9636157
GEM/2026/B/7594797,GEM/2026/R/701377,https://bidplus.gem.gov.in/showradocumentPdf/9632335
GEM/2026/B/7540313,GEM/2026/R/700801,https://bidplus.gem.gov.in/list-ra-schedules/9629436
GEM/2026/B/7580545,GEM/2026/R/701422,https://bidplus.gem.gov.in/showradocumentPdf/9632629
GEM/2026/B/7589584,GEM/2026/R/701312,https://bidplus.gem.gov.in/showradocumentPdf/9631874
GEM/2026/B/7589528,GEM/2026/R/701318,https://bidplus.gem.gov.in/showradocumentPdf/9631915
GEM/2026/B/7532844,GEM/2026/R/701205,https://bidplus.gem.gov.in/showradocumentPdf/9631235
GEM/2026/B/7424424,GEM/2026/R/700847,https://bidplus.gem.gov.in/showradocumentPdf/9629847
GEM/2026/B/7513687,GEM/2026/R/702100,https://bidplus.gem.gov.in/showradocumentPdf/9637873
GEM/2026/B/7442276,GEM/2026/R/687060,https://bidplus.gem.gov.in/showradocumentPdf/9513290
GEM/2026/B/7607415,GEM/2026/R/698037,https://bidplus.gem.gov.in/showradocumentPdf/9605189
GEM/2026/B/7613217,GEM/2026/R/702013,https://bidplus.gem.gov.in/showradocumentPdf/9637050
GEM/2026/B/7607416,GEM/2026/R/689552,https://bidplus.gem.gov.in/showradocumentPdf/9533761
GEM/2026/B/7607561,GEM/2026/R/697480,https://bidplus.gem.gov.in/showradocumentPdf/9600815
GEM/2026/B/7551762,GEM/2026/R/686694,https://bidplus.gem.gov.in/list-ra-schedules/9509048
GEM/2026/B/7613228,GEM/2026/R/690271,https://bidplus.gem.gov.in/showradocumentPdf/9539749
GEM/2026/B/7615627,GEM/2026/R/690261,https://bidplus.gem.gov.in/showradocumentPdf/9539655
GEM/2026/B/7624890,GEM/2026/R/696527,https://bidplus.gem.gov.in/showradocumentPdf/9594197
GEM/2026/B/7557962,GEM/2026/R/700641,https://bidplus.gem.gov.in/list-ra-schedules/9628381
GEM/2026/B/7623311,GEM/2026/R/702237,https://bidplus.gem.gov.in/showradocumentPdf/9639274
GEM/2026/B/7616293,GEM/2026/R/702119,https://bidplus.gem.gov.in/showradocumentPdf/9638113
GEM/2026/B/7572314,GEM/2026/R/701304,https://bidplus.gem.gov.in/showradocumentPdf/9631837
GEM/2026/B/7628342,GEM/2026/R/700844,https://bidplus.gem.gov.in/showradocumentPdf/9629825
GEM/2026/B/7625522,GEM/2026/R/700658,https://bidplus.gem.gov.in/showradocumentPdf/9628534
GEM/2026/B/7631629,GEM/2026/R/701689,https://bidplus.gem.gov.in/showradocumentPdf/9635037
GEM/2026/B/7616513,GEM/2026/R/701418,https://bidplus.gem.gov.in/showradocumentPdf/9632593
GEM/2026/B/7633044,GEM/2026/R/701749,https://bidplus.gem.gov.in/showradocumentPdf/9635437
GEM/2026/B/7633206,GEM/2026/R/700877,https://bidplus.gem.gov.in/showradocumentPdf/9630061
GEM/2026/B/7637160,GEM/2026/R/701154,https://bidplus.gem.gov.in/showradocumentPdf/9631011
GEM/2026/B/7640306,GEM/2026/R/689806,https://bidplus.gem.gov.in/list-ra-schedules/9535533
GEM/2026/B/7557343,GEM/2026/R/700140,https://bidplus.gem.gov.in/showradocumentPdf/9624924
GEM/2026/B/7600900,GEM/2026/R/700470,https://bidplus.gem.gov.in/showradocumentPdf/9627057
GEM/2026/B/7646447,GEM/2026/R/702337,https://bidplus.gem.gov.in/showradocumentPdf/9640583
GEM/2026/B/7654252,GEM/2026/R/702059,https://bidplus.gem.gov.in/showradocumentPdf/9637511
GEM/2026/B/7644242,GEM/2026/R/701943,https://bidplus.gem.gov.in/showradocumentPdf/9636609
GEM/2026/B/7659638,GEM/2026/R/700754,https://bidplus.gem.gov.in/showradocumentPdf/9629128
GEM/2026/B/7660912,GEM/2026/R/701342,https://bidplus.gem.gov.in/showradocumentPdf/9632116
GEM/2026/B/7660717,GEM/2026/R/701161,https://bidplus.gem.gov.in/showradocumentPdf/9631035
GEM/2026/B/7667845,GEM/2026/R/701714,https://bidplus.gem.gov.in/showradocumentPdf/9635254
GEM/2026/B/7662462,GEM/2026/R/702194,https://bidplus.gem.gov.in/showradocumentPdf/9638919
GEM/2026/B/7664461,GEM/2026/R/701152,https://bidplus.gem.gov.in/showradocumentPdf/9631002
GEM/2026/B/7278411,GEM/2026/R/701415,https://bidplus.gem.gov.in/showradocumentPdf/9632565
GEM/2026/B/7626681,GEM/2026/R/701122,https://bidplus.gem.gov.in/showradocumentPdf/9630876
GEM/2026/B/7640868,GEM/2026/R/701173,https://bidplus.gem.gov.in/showradocumentPdf/9631102
GEM/2026/B/7668958,GEM/2026/R/700016,https://bidplus.gem.gov.in/showradocumentPdf/9623791
GEM/2026/B/7668444,GEM/2026/R/701700,https://bidplus.gem.gov.in/showradocumentPdf/9635151
GEM/2026/B/7680478,GEM/2026/R/701535,https://bidplus.gem.gov.in/showradocumentPdf/9633525
GEM/2026/B/7675034,GEM/2026/R/702366,https://bidplus.gem.gov.in/showradocumentPdf/9640898
GEM/2026/B/7679452,GEM/2026/R/701034,https://bidplus.gem.gov.in/showradocumentPdf/9630510
GEM/2026/B/7683722,GEM/2026/R/700866,https://bidplus.gem.gov.in/showradocumentPdf/9629995
GEM/2026/B/7497908,GEM/2026/R/702548,https://bidplus.gem.gov.in/showradocumentPdf/9642219
GEM/2026/B/7687231,GEM/2026/R/701016,https://bidplus.gem.gov.in/showradocumentPdf/9630458
GEM/2026/B/7641470,GEM/2026/R/701047,https://bidplus.gem.gov.in/showradocumentPdf/9630544
GEM/2026/B/7690058,GEM/2026/R/701271,https://bidplus.gem.gov.in/showradocumentPdf/9631613
GEM/2026/B/7651371,GEM/2026/R/701608,https://bidplus.gem.gov.in/showradocumentPdf/9634316
GEM/2026/B/7649079,GEM/2026/R/701684,https://bidplus.gem.gov.in/showradocumentPdf/9634993
GEM/2026/B/7682721,GEM/2026/R/701405,https://bidplus.gem.gov.in/showradocumentPdf/9632511
GEM/2026/B/7692188,GEM/2026/R/701346,https://bidplus.gem.gov.in/showradocumentPdf/9632132
GEM/2026/B/7607621,GEM/2026/R/702036,https://bidplus.gem.gov.in/showradocumentPdf/9637315
GEM/2026/B/7684622,GEM/2026/R/702189,https://bidplus.gem.gov.in/showradocumentPdf/9638873
GEM/2026/B/7669342,GEM/2026/R/702046,https://bidplus.gem.gov.in/showradocumentPdf/9637410
GEM/2025/B/6508293,GEM/2026/R/686006,https://bidplus.gem.gov.in/showradocumentPdf/9503085
GEM/2026/B/7618104,GEM/2026/R/702003,https://bidplus.gem.gov.in/showradocumentPdf/9636958
GEM/2026/B/7696055,GEM/2026/R/698325,https://bidplus.gem.gov.in/showradocumentPdf/9608364
GEM/2026/B/7700732,GEM/2026/R/698068,https://bidplus.gem.gov.in/showradocumentPdf/9605563
GEM/2026/B/7700764,GEM/2026/R/693880,https://bidplus.gem.gov.in/showradocumentPdf/9568838
GEM/2026/B/7707653,GEM/2026/R/701846,https://bidplus.gem.gov.in/showradocumentPdf/9635955
GEM/2026/B/7707189,GEM/2026/R/700966,https://bidplus.gem.gov.in/showradocumentPdf/9630311
GEM/2026/B/7705603,GEM/2026/R/700845,https://bidplus.gem.gov.in/showradocumentPdf/9629829
GEM/2026/B/7706184,GEM/2026/R/701567,https://bidplus.gem.gov.in/showradocumentPdf/9633890
GEM/2026/B/7705504,GEM/2026/R/698426,https://bidplus.gem.gov.in/showradocumentPdf/9609358
GEM/2026/B/7587777,GEM/2026/R/702011,https://bidplus.gem.gov.in/showradocumentPdf/9637042
GEM/2026/B/7698467,GEM/2026/R/700915,https://bidplus.gem.gov.in/showradocumentPdf/9630171
GEM/2026/B/7711444,GEM/2026/R/702628,https://bidplus.gem.gov.in/showradocumentPdf/9642916
GEM/2026/B/7713979,GEM/2026/R/700925,https://bidplus.gem.gov.in/showradocumentPdf/9630196
GEM/2026/B/7702795,GEM/2026/R/700717,https://bidplus.gem.gov.in/showradocumentPdf/9628907
GEM/2026/B/7717201,GEM/2026/R/701509,https://bidplus.gem.gov.in/showradocumentPdf/9633239
GEM/2026/B/7686165,GEM/2026/R/701388,https://bidplus.gem.gov.in/showradocumentPdf/9632413
GEM/2026/B/7718718,GEM/2026/R/700870,https://bidplus.gem.gov.in/showradocumentPdf/9630013
GEM/2026/B/7670930,GEM/2026/R/701575,https://bidplus.gem.gov.in/showradocumentPdf/9634012
GEM/2026/B/7721988,GEM/2026/R/702069,https://bidplus.gem.gov.in/showradocumentPdf/9637607
GEM/2026/B/7678461,GEM/2026/R/701070,https://bidplus.gem.gov.in/showradocumentPdf/9630651
GEM/2026/B/7582996,GEM/2026/R/702265,https://bidplus.gem.gov.in/showradocumentPdf/9639726
GEM/2026/B/7714808,GEM/2026/R/701520,https://bidplus.gem.gov.in/showradocumentPdf/9633373
GEM/2026/B/7655320,GEM/2026/R/699697,https://bidplus.gem.gov.in/showradocumentPdf/9620859
