S.No,Tender ID,Tender Reference No,Tender Title
1,107128540,82263418A,GTL_MEDICAL_PH.No.42137_SURGICAL_SYNTHETIC ABSORBABLE COATED POLYGLACTIN 910 VIOLET BRAIDED 90 CMS 1/2 CIRCLE ROUND BODY 30 MM NEEDLE SIZE 0 (12 FOILS PER BOX)ODIED SN 2338 SIZE 1-0
2,107142896,82260974,HQ_MED_SUR_(PH.No.42299) Sterile Disposable Non Absorbable Preshaped Laparoscopic Polypropylene Anatomical Mesh Right side (12.8 x 17.2 cm).
3,107151324,82264047A,All Inside Meniscus Suture Device - Fastfix 360 or equivalent (AMI 23.A023/26-27)
4,107142799,82263301,Tropical tissue adhesive (N-Butyl-2- Cyana acrylate) 0.25ml
5,107148720,82260779A,"Endoscopic linear cutter Gun 65 MM Open with 6 Assorted ridged Reloads compatible with 45/60 mm Cartiridges with 6 rows of B Shaped staples , 45 Degree, 360 Degree rotation { KIT }"
6,107142783,82260849A,"Disposable laparoscopic Clip Applier Preloaded with 16 clips, 5mm diameter with Clip logic technology,anodized tip with 33cm shaft length , capable in blunt dissection , Titanium Clips- U shaped"
7,107148196,82260848A,A battary powered Hernia mesh fixation device with Dual coloured (Poly glycolide-co-L- lactide )PGLA screw shaped absorbable Tack (25 Violet and 5 Green) with 7.0 mm teck length along with flexible shaft upto 3cm.
8,107152459,51265176,MEDICAL CONSUMABLES
9,107138835,HB266436,Non absorvable polymer ligating clips etc.
10,107127657,02265362,"1) RUBBER TOURNIQUET, 2) SAFETY PIN SET OF 10 NOS, 3) STERILE ADHESIVE STRIP DRESSING-STANDARD SIZE /WASH PROOF, 4) TRIANGULAR BANDAGE 130CMX90CMX90CM, 5) STERILE ABSORBANT COTTON WOOL 25 GRAM & 6) STERILE ABSORBANT GUAZE PAD 7.5CMX7.5CM"
11,2026_DME_522131_1,2160-1,Second Arthroscopy Tender
12,329493,7(2026-27-28)Part 10 (Item no 3042 TO 3347) [TID:329493],SUPPLY OF SURGICAL CONSUMABLE ITEMS & SUTURE MATERIALS Part 10 (Item no 3042 TO 3347)
13,2026_DME_522040_1,4072,"TENDER FOR PURCHASE OF DRUGS,CONSUMABLES, IV FLUIDS, SUTURES AND SURGICAL ITEMS"
14,326375,7(2026-27-28) Part 9 Item no 2801 to 3041 [TID:326375],SUPPLY OF SURGICAL CONSUMABLE ITEMS & SUTURE MATERIALS Part 9 Item no 2801 to 3041
15,326368,7(2026-27-28) Part 8 Item no 2451 to 2800 [TID:326368],SUPPLY OF SURGICAL CONSUMABLE ITEMS & SUTURE MATERIALS Part 8 Item no 2451 to 2800
16,326366,7(2026-27-28)Part 7 Item no 2101 to 2450 [TID:326366],SUPPLY OF SURGICAL CONSUMABLE ITEMS & SUTURE MATERIALS Part 7 Item no 2101 to 2450
17,326362,7(2026-27-28)Part 6 Item no 1751 to 2100 [TID:326362],SUPPLY OF SURGICAL CONSUMABLE ITEMS & SUTURE MATERIALS Part 6 Item no 1751 to 2100
18,326330,7(2026-27-28)Part 5 Item no 1401 to 1750 [TID:326330],SUPPLY OF SURGICAL CONSUMABLE ITEMS & SUTURE MATERIALS Part 5 Item no 1401 to 1750
19,326195,7(2026-27-28) Part 2 Item no 351 to 750 [TID:326195],SUPPLY OF SURGICAL CONSUMABLE ITEMS & SUTURE MATERIALS Part 2 Item no 351 to 750
20,326249,7(2026-27-28)Part 4 - Item no 1051 to 1400 [TID:326249],SUPPLY OF SURGICAL CONSUMABLE ITEMS & SUTURE MATERIALS Part 4 - Item no 1051 to 1400
21,326245,7(2026-27-28)Part 3 - Item no 751 to 1050 [TID:326245],SUPPLY OF SURGICAL CONSUMABLE ITEMS & SUTURE MATERIALS Part 3 - Item no 751 to 1050
22,326192,7(2026-27-28)Part 1 - Item no 1 to 350 [TID:326192],SUPPLY OF SURGICAL CONSUMABLE ITEMS & SUTURE MATERIALS Part 1 - Item no 1 to 350
23,107128542,82263970C,GTL_MEDICAL_PH.No.42116_SURGICAL_SYNTHETIC MONOFILAMENT NON-ABSORBABLE POLYPROPYLYNE SUTURE 3/0 (BOX OF 12 PCS)
24,107145560,82262937A,"HQ_Med_Sur_(PH NO.:31052) RUBBER TOURNIQUET STANDARD 2 1/2 - 3 WIDTH, LENGTH 2-3 MTRS"
25,107145274,62263511A,"3 diamentional polyster mesh with microporosity, X stitch macroporocity of 4.8*2.0 mm, thickness of 1.7, surface density of 78g/m2& multidirectional elasticity with optimised atello-collagen 1as absorbable anti-adhesive barrier & 4 prefixed trans-abdominal sutures of Nylon 2-0 size , SIZE 15*15."
26,107144098,82264469A,Fascial Closure System With 12 MM optical bladeless Trocar
27,2026_HBC_534790_1,3/3-HMSCL-687-D/Tend. /2026-27,"Tender for the supply, installation and commissioning of ND Yag Laser on 2 years Rate Contract as mentioned against item in schedule of Requirement."
28,2026_MMGPA_1304808_2,E- 288/MMGPA/ ENT Equipments,E- 288/MMGPA/ ENT Equipments
29,107141630,LV265188A,VESSEL SEALER WITH ALL ACCESSORIES
30,107128194,02265744,"DISPOSABLE CARTRIDGESFOR GASTRO INTESTINAL ANASTAMOSIS LINEAR CUTTER STAPLER OF 100 MM LENGTH AND OF 3.8 MM STAPLING SIZE, WITH ONE APPLICATOR FOR EACH 05 CARTRIDGES PURCHASED ISPOSABLE CARTRIDGES FOR GASTRO INTESTINAL ANASTAMOSIS LINEAR CUTTER STAPLER OF 55/60 MM LENGTH AND OF 3.8 MM STAPLING SIZE, WITH ONE APPLICATOR FOR EACH 05 CARTRIDGES PURCHASED DISPOSABLE CARTRIDGES FOR GASTRO INTESTINAL ANASTAMOSIS LINEAR CUTTER STAPLER OF 55/60 MM LENGTH AND OF 4.8 MM STAPLING SIZE, WITH ONE APPLICATO"
31,107128173,02265742,"ENDOLOOP WITH LIGATING DEVICE SIZE IS 30MM, ENDOSCOPE CHANNEL CLEANING BRUSH 6MM BRUSH DIAMETER X230CM LENGTH, 2.8MM CHANNEL. TIP SHOULD BE ATRAUMATIC, ELECTROSURGICAL TWOSTEP KNIFE DJUSTABLETWO-STEP KNIFE OF 2MM LENGTH AND ADOME-SHAPED CUTTING SECTION. 2) SHOULDHAVE DISTINCT MARKERS VISIBLE ON THE SHEATH TO PROVIDE ENDOSCOPIC VERIFICATION OF CUTTING DEPTH. 3) THE WHITE AND GRAY MARKINGS TOGETHER MEASURE 1.5 MM AND THE BLUE MARKER MEASURES 1.0 MM, ENDOSCOPIC CAP: STRAIGHT CAPS ARE HARD TRANSPA"
32,2026_MEDIC_581629_4,NIT NO 419 Tonk,Supply of Bandage Gauge (Annual Contract) at Saadat Hospital and MCH Tonk
33,107146296,82264046A,MFT_ SUR_(PHNO.:42637) LINEAR CUTTER RELOADS FOR PROXIMATE LINEAR CUTTER 100 MM (TCR 100)
34,107146862,82260973,HQ_MED_SUR_(PH.No.42287) Sterile Disposable Non Absorbable Preshaped Laparoscopic Polypropylene Anatomical Mesh Left side (12.8 x 17.2 cm)
35,2026_HME_316491_2,JKMSCL/MACH/2025/ 34  dated 15.07.2026,ULTRASONIC BONE SCALPEL (BOQ Ammended)
36,2026_HME_316465_2,JKMSCL/MACH/2025/ 29  dated 15.07.2026,SPINE LAMINECTOMY SET (BOQ Ammended )
37,2026_HME_316488_1,JKMSCL/MACH/2025/ 33  dated 15.07.2026,STENOSIS FULL ENDOSCOPIC INTERLAMINAR DECOMPRESSION
38,2026_HME_316455_2,JKMSCL/MACH/2025/25 dated 15.07.2026,ENSOCOPE SPINE
39,107152903,IG266073A,Pneumatic Tourniquet machine; Specification as per Annexure-I
40,2026_HME_320919_1,73-BMOZ of 2026,"Annual Contract for supply of Drugs, Diagnostics, Consumables, etc for BlockZainapora"
41,725596,NIT NO. 02/VET/KPZ/CMC/2026 (Item No.2),"Surgical items ,Equipments consumables"
42,NIT NO. 02/VET/KPZ/CMC/2026 (Item No.2)/725596,NIT NO. 02/VET/KPZ/CMC/2026 (Item No.2)/725596,"Surgical items ,Equipments consumables"
43,2026_RCC_863248_1,27/RCC/2026-27/E9882/P3,"Supply, of Brand New Latest Model Paediatric Laparoscopic Instruments and its accessories in Surgical Services Division of Regional Cancer Centre. TVM"
44,107152269,82266652,(1). POLYGLACTIN 910 VIOLET (ANTIBACTERIAL WITH TRICLOSON 1-0 (30 MM 1/2 CIRCLE RBN (VP 2338) PKT OF 12 (2). NON ABSORBABLE STERILISED SURGICAL SUTURE NEEDLED (MONOFILAMENT POLYPROPYLENE) SIZE-1/RB 40 MM 1/2 CIRCLE 70 CM HEAVY/PACK OF 12
45,107152268,82266650,"(1). ELASTIC TAPE FOR COLOSTOMY BAG /IN NOS/ 1X1/ (2).PLOYESTER GREEN COATED BRAIDED NON ABSORBABLE SUTURE SIZE 5, W4846/V-55MM 1/2 CIRCLE TAPER CUT/PKT OF 12IN BOX"
46,107152274,82266592,SKIN STAPLER SET / IN NOS
47,2026_RUHS_579666_1,RUHS CDS/RDCRS/2026-27/1191 dt 29.07.2026,Medicine and surgical sutures
48,107129315,02265777,"VELCRO TOURNIQUET - 40 CMS [SRPHC82353135-VELCRO TOURNIQUET - 40 CMS WITH METAL LOOP] , TRANSPARENT IV FILM DRESSI [SRPHC82353125-TRANSPARENT IV FILM DRESSING WITH DRESSING FRAME, HYPOALLERGENIC WITH ACRYLIC ADHESIVE-SIZE 10CMX12CM.] , TRANSDUCER PROTECTOR"
49,107143031,02265409,"LAPAROSCOPIC MESH FIXATION DEVICE ABSORBABLE 5MM OF 15 TACKERS, LAPAROSCOPIC MESH FIXATION DEVICE ABSORBABLE 5MM OF 30 TACKERS, LAPAROSCOPIC MESH FIXATION DEVICE NON ABSORBABLE 5MM OF 30 TACKERS."
50,2026_DHE_173265_1,GNDU/DR/ 2026-27/538,980 nm Diode Laser
51,2026_DHE_173267_1,GNDU/DR/ 2026-27/540,785 nm Diode Laser
52,2026_DHE_173266_1,GNDU/DR/ 2026-27/539,532 nm DPSS Laser System
53,2026_DHFW_172722_1,e-tender/2026-27/4307 dtd 28-07-2026,"Procurement of EDL, Non-EDL Drugs, Consumables, Suture Material and other hospital items for District Hospital Rupnagar"
54,2026_ARD_1034033_1,WBARD/SURG/NIT06/T-692/26-27/2,Supply of surgical
55,2026_RMLH_921764_1,11012/224/2022-Proc.Section,Consumables of soft tissue diode laser for proctology and endovenous varicose vein
56,2026_DHS_865624_1,C5-10976/2026,EMPANELMENT OF SUPPLIERS FOR CARDIOTHORACIC SURGERY AND CARDIAC ANAESTHESIA ITEMS
57,107148295,82263810,HQ_MED_SUR_(PH NO.:47351) ELECTRO SURGICAL DIATHERMY PATIENT PLATE FOR MARTIN DIATHERMY REUSABLE
58,107131031,02265704,"SUTURE OF SIZE 2-0, GREEN [SRPHC82534025-SUTURE OF SIZE 2-0, GREEN & WHITEPOLYESTER COATED WITH POLYBUTYLATE WITH PTFE PLEDGETS 6X3X1.5 MM, NEEDLE OF SIZE 17 MM, 1/2 CIRCLE V- 5 DOUBLE ARM,MULTISTRAND 10 SUTURES PER PACK 5 GREEN AND 5 WHITE .SUTURE OF LENGTH 75 CM. UNIT:SUT]"
59,107143063,02265367,"STERILE PACKED CORTICAL FI [SRPHC82400210-STERILE PACKED CORTICAL FIXATION BUTTON OF PEEK MATERIAL HAVING SIZE RANGING FROM 15 MM TO 35 MM. IT SHOULD HAVE DOUBLE CROSS LOCK MACHANISM WITH PROTECTIVE SHEATH OVER CROSS LOCK AT THE DISTAL END. OPTIONAL BUTTION SHOULD BE PROVIDED WITH SIZES VARYING FROM 2 MM TO 20 MM WITH LENGTH OF 60-90 MM ALONG WITH NO 2 SUTURE.SHOULD BE SUPPLIED ON AS AND WHEN REQUIRED BASIS. FIRM SHOULD PROVIDE NECESSARY INSTRUMENTATION ALONG WITH THE IMPLANT. ] ,STERILE PACKE"
60,107131069,02265706,"SUTURE OF SIZE 2-0,VICRYL [SRPHC82537240-SUTURE OF SIZE 2-0,VICRYL PLUS,ANTIBACTERIAL (POLYGLATIN 910,COATED WITH TRICLOSON) 1/2 CIRCLE,ROUND BODY,30MM NEEDLE WITH SUTURE LENGTH OF 90CM. CODE NO.VP 2317.]"
61,725226,"Tender Notice No.5/2026-27/Material Supplies (Surgicals) /MW/ TGMSIDC, Dt: 23/04/2026(Short tender)",The Procurement of Material and supplies (surgicals) items under RC for a period of Two Years
62,2026_JMCSR_587333_4,NIT No. Acctt/2026/1478_SRG Hospital_Jhalawar,Rate Contract for Gauze Than and Bandage Items at SRG Hospital Jhalawar
63,2026_HRY_538194_1,Tender/2026/Surgical/Eye,Tender/2026/Surgical/Eye
64,2026_HRY_536505_1,Tender/2026/Equipments Laproscopy,Tender/2026/Equipment Laproscopy
65,2026_RMSCL_579722_1,F02229 RMSCL Proc S S NIB24 2026 1434Dated 30.07.2026,E-BID FOR RATE CONTRACT CUM SUPPLY AND EMPANELMENT OF SURGICAL ITEMS
66,2026_NMMC_1326578_1,NMMC/HEALTH/08/2026,Tender for Purchase Group 3 of Surgical Materials for NMMC Hospitals for Two Years
67,2026_NMMC_1326573_1,NMMC/HEALTH/07/2026,Tender for Purchase of Group 2 Surgical Materials for NMMC Hospitals for Two Years
68,2026_NMMC_1326566_1,NMMC/HEALTH/06/2026,Tender for Purchase of Group-1 Surgical Materials for NMMC Hospitals for Two Years
69,107150663,CH263157,"ESMARCH TOURNIQUET 4 INCH one end should have thick thread to tie the tourniquet, should have excellent stretch recovery"
70,107150758,82260976,HQ_MED_SUR_PH NO:(47182) Sterile Disposable Intraluminar Curved Circular Stapler Size 31
71,2026_DMER5_140347_1,E-Tender of Renal Transplant Surgery Consumables,"supply of consumables for AV Fistula Creation, Peripheral Angioplasty and Thromboembolectomy procedure"
72,107143126,02265958,DISPOSABLE LAPAROSCOPIC 10/11 MM / DISPOSABLE LAPAROSCOPIC 12 MM / DISPOSABLE LAPAROSCOPY BIPOLAR FORCEPS 5MM /DISPOSABLE LAPAROSCOPIC TROCAR AND CANULA 12 MM / DISPOSABLE LAPAROSCOPIC 5 MM.
73,107143121,02265944,ALL SUTURE ANCHOR OF SIZE [SRPHC82400245-ALL SUTURE ANCHOR OF SIZE 2.3 MM TRIPLE LOADED SHOULD HAVE PRELOADED THREE NUMBERS OF NO.2 SUTURE. ALL SUITABLE INSTRUMENTS ALONG WITH ANGLE GUIDE INSTRUMENTS 12 AND 25 DEGREE SHOULD BE SUPPLIED ALONG WITH THE ANCHORS. UNIT:NO ] / LL SUTURE ANCHOR OF SIZE [SRPHC82400240-ALL SUTURE ANCHOR OF SIZE 2.3 MM DOUBLE LOADED SHOULD HAVE PRELOADED TWO NUMBERS OF 2MM TAPE. ALL SUITABLE INSTRUMENTS ALONG WITH ANGLE GUIDE INSTRUMENTS 12 AND 25 DEGREE SHOULD BE SUPPL
74,107155065,IG265892B,"Polyglactin 910 antibacterial Irgacare MP (Purest form of Triclosan) coated synthetic suture braided 1 with 1/2 circle RB needle 40mm, 90 cm (foil) - box of 12 foils"
75,107131212,02265713,"UTURE OF SIZE 10-0 MONOFI [SRPHC82536030-SUTURE OF SIZE 10-0 MONOFILAMENT POLYAMIDE, NEEDLE OF SIZE 6MM, 3/8 CIRCLE MICRO POINT SPATULATED DOUBLE NEEDLE, LENGTH 38 CM. NW 3719-(ETHICON BLACK)] , SUTURE SIZE:3-0, MONOFILAM [SRPHC82536140-SUTURE SIZE:3-0, MONOFILAMENT POLYAMIDE ,NEEDLE SIZE:26MM 3/8 CIRCLE REVERSE CUTTING, LENGTH 70CM.CODE NO.CODE NO.3328.]"
76,2026_TCSC_693743_1,BS4/014388/2026,"PURCHASE OF 1,07,000 Nos. OF YCONE AS PER SPECIFICATIONS"
77,107137103,02265695,"MICROPOROUS NONALLERGIC WHITE PAPER SURGICAL ADHESIVE TAPE 25MM X 9M, MICROPOROUS NONALLERGIC PAPERWORED ADHESIVE TAPE."
78,2025_TNMSC_626618_2,E1420/DIAT/RC//TNMSC/ENGG,ONLINE TENDER FOR FIXING RATE CONTRACT FOR SUPPLY AND INSTALLATION OF VESSEL SEALING SYSTEM TO VARIOUS GOVT. INSTITUTIONS
79,107149909,HB266579,Polyglactin 910 antibacterial Irgacare etc.
80,107131283,02265716,TWIST IN CANNULA OF SIZES [SRPHC82400200-TWIST IN CANNULA OF SIZES ALLOWS DIRECT VISUALIZATION OF INSTRUMENTS AND SUTURE PASSAGE]
81,2026_SNMCJ_588079_1,09(2026-27) ITEM NO. 9 General Surgery Items,09(2026-27) ITEM NO. 9 General Surgery Items
82,107135346,62263628,"23G COMBINED PACK WITH AFI.CONSISTS OF CASSETTE,IRRIGATION AND ASPIRATION TUBINGS,LIGHT GUIDE PIPE,POSTERIOR VITRECTOMY CUTTER AND 1 SET TROCAR CANNULA-BI5523"
83,107155060,22265613,"Optically guided bladeless trocar 5 mm with bilateral tissue seperators, length 100 mm, optical tip to eliminate blind entry clear ribbed cannula recessed stopcock valve, funnel shaped housing, duckbill secondary seal, integrated universal seal that eliminates the use of the reducer.[AI(2026-27), Item Code-No: S-57016, SL no.499]"
84,107131301,02265707,"SUTURE NO 2-0,POLYGLACTIN- [SRPHC82537125-SUTURE NO 2-0,POLYGLACTIN-910 RAPID,WITH ATLEAST ONE END WITH 35-36MM 1/2 CIRCLE ROUND BODY NEEDLE,LENGTH 90CM OR MORE.]"
85,107131320,02265732,"OVER THE SCOPE CLIP- STENT FIX: IT CONSIST OF A SPECIALLY DESIGNED APPLICATION CAP WITH A MOUNTED CLIP, THREAD, THREAD RETRIEVER AND A HAND WHEEL FOR CLIP RELEASE.CLIP SHOULD HAVE TEETH WITH SMALL SPIKES (TYPE T) FOR COMPRESSION AND ANCHORING. CLIP SHOULD BE MADE OF SUPERELASTIC NITINOL DEVICE FOR COMPRESSION, BIOCOMPATIBLE AND MR CONDITIONAL MATERIAL. COMPATIBLE WITH AN ENDOSCOPE DIAMETER BETWEEN 8.5 -11MM, DEPTHS OF CAPS -7 MM, OVER THE SCOPE CLIP(OTSC) 11: IT COMPRISE OF AN APPLICATOR CAP W"
86,107132253,02265709,"COMPOSITE MULTI LAYERED HE [SRPHC82532125-COMPOSITE MULTI LAYERED HERNIA PATCH WITH POSITIONING STRAP AND POCKET-CIRCULAR- SIZE 6.4CM X6.4CM] , COMPOSITE MULTI LAYERED HE [SRPHC82532120-COMPOSITE MULTI LAYERED HERNIA PATCH WITH POSITIONING STRAP AND POCKET- CIRCULAR- SIZE 8.0CM X 8.0CM]"
87,107150315,H3261384A,COMPOSITE MESH TRANSPERENT POLYPROPYLENE COATED WITH POLYGLECAPRONE PORE SIZE 3MM X 3MM IPOM size 8 CM /3.2 OR SIMILAR
88,107134840,02265734,"SUTURE LASSO FOR BANKART, SLAP AND ROTATOR CUFF REPAIRS."
89,2026_HRY_538705_1,Tender/2026/YAG LASER MACHINE,Tender/2026/YAG LASER MACHINE
90,2026_MEDIC_584951_1,E-NIT No. 05/2026-27,"Medicine, Surgical, Sutures etc. (Rate Contract)"
91,319625,T.E.NO. GMSCL/D-792/RC/2026-27 [TID:319625],T.E.NO.GMSCL/D-792/RC/2026-27 SURGICAL ITEMS (55 ITEMS)
92,107146931,82264773,GTL_MEDICAL_PH.No.42421_SURGICAL_Sterile Disposable Titanium Clips for Laparoscopic Surgery Green (M).
93,107134853,02265683,FIRST PASS SUTURE PASSER - NEEDLE AND SUTURE CAPTURE IN SUTURE MANAGEMENT DEVICE OF ARTHROSCOPY SURGERY
94,107134874,02265720,"TRAIGHT ENDO GASTRO INTES [SRPHC82501005-STRAIGHT ENDO GASTRO INTESTINAL ANASTAMOSIS LINEAR CUTTER AND STAPLING CARTRIDGE OF LENGTH 45 MM AND STAPLE SIZE 2.5 MM, WITH ONE STAPLING GUN ( APPLICATOR ) FOR EVERY TEN CARTRIDGES PURCHASED] ,KIN STAPLER WITH SEETHRU [SRPHC82500975-SKIN STAPLER WITH SEETHRU WINDOW FOR VISIBILITY WITH PRECOCK FUNCTION, REGULAR 35 STAPLES, ONEPIECE DESIGN WITH ANGLED STAPLE APPLICATION WITH MAXIMUM VISIBILITY.]"
95,325599,T.E.NO.GMSCL/D-794/RC/2026-27 [TID:325599],T.E.NO.GMSCL/D-794/RC/2026-27 SURGICAL ITEMS (21 ITEMS)
96,107146950,82264806,GTL_MEDICAL_PH.No.42427_SURGICAL_Sterile Disposable Titanium Clips for Laparoscopic Surgery Yellow (L).
97,107134929,02265678,"ESOPHAGEAL STENT (ANTI-REF [SRPHC82336270-ESOPHAGEAL STENT (ANTI-REFLUX): A) ESOPHAGEAL STENT WITH PTFE ANTI-REFLUX SKIRT. B) PTFE SKIRT WITH TWO THIN STIFF WIRE PLACED PARALLEL. C) SHOULD HAVE RETRIEVAL SUTURE AT THE PROXIMAL END. D) 4RO MARKER AT BOTH ENDS AND 2 IN THE MIDDLE. E) STENT DIAMETER 20MM. F) STENT LENGTH 6,8,10,12,14 AND 15CM. G) DELIVERY PROFILE 20FR.] ,SOPHAGEAL DILATORS: 1. NO [SRPHC82336265-ESOPHAGEAL DILATORS: 1. NON STERILE. 2. SHOULD HAVE OUTER DIAMETER OF 05MM TO 20MM AND"
98,2026_SPMCB_576048_1,SOENIB NO 13(2026-27),"Supply of materials/medicines for patients of the Neurosurgery Department and others in the hospital, under the Mukhyamantri Nishulk Nirogi Rajasthan Yojana, M-AAY, and RGHS schemes, Short-term Rate Contract for 2 Year"
99,2026_MMGPA_1327853_1,E-314 /MMGPA/ Topical Miscellaneous/(2026-27),E-314 /MMGPA/ Topical Miscellaneous/(2026-27)
100,2026_JIWAJ_528380_1,F/J.U./Store/2026/202  Dated 12-08-2026,Supply and Installation of Class IV Laser Therapy Unit for Jiwaji University Gwalior
101,2026_MERDM_1328221_1,E-26 (26-27) Orthopedics Department Medical Equipment Turnkey Project,E-26 (26-27) Orthopedics Department Medical Equipment Turnkey Project
102,107137112,02265696,"HYPO ALLERGIC PERMEABLE PLASTIC SURGICAL ADHESIVE TAPE SIZE: 25MM X 9.1M, MAKE/BRAND TRANSPORE OR SIMILAR, STERILE SURGICAL INCISE DRAPE OF SIZE 45CM X 60CM STERIDRAPE 1040 OR SIMILAR"
103,2026_MEDIC_576960_1,,Purchase of Surgical Consumables
104,107137096,02265694,STERILE BIO ADHESIVE GLUE CONTAINS N-BUTYL-2-CYANOACRYLATE-0.5ML PACK/1 ML PACK
105,2026_AIMSD_913588_1,02/SB/M and E/2026-27/St,"Procurement of Radiofrequency Cutting, Coagulation and Vessel Sealing System standalone or integrated with Bipolar Device, with Hand Instruments for Open Laproscopic Surgery"
106,107144178,02265288,"SYNTHETIC ABSORBABLESURGICAL SUTURE COATED WITH AN ANTIBACTERIAL AGENT (POLYGLACTIN 910 WITH TRICLOSAN) SIZE4-0,NEEDLE 20MM 1/2 CIRCLE,ROUND BODY.SUTURE OF LENGTH 70CM, SYNTHETIC ABSORBABLESURGICAL SUTURE COATED WITH AN ANTIBACTERIAL AGENT POLYGLACTING 910 WITH TRICLOSAN SIZE, 1-0 WITH 1/2 CIRCLE RB 30MM NEEDLE-LENGTH 90CM, SYNTHETIC ABSORBABLE SURGICAL SUTURE COATED WITH AN ANTIBACTERIAL AGENT (POLY GLACTIN 910 WITH TRICLOSAN ) SIZE 1 NEEDLE 40MM 1/2 CIRCLE R.B CT GS NEEDLE -- LENGTH 90CM, SR"
107,2026_HFW_1037511_1,WBHF/CMS/ HST/1P-161-2026/SOI/2026/405,WBHF/ CMS/ HST/ 1P-161-2026/SOI/2026/405/ GROUP-III
108,107144314,02265921,"POLYPROPYLENE SIZE 7-0 ,005 METRIC ,BLUE MONOFILAMENT, VISI-BLACK NEEDLE OF SIZE 9.0 MM,3/8 CIRCLE ROUND BODY ,DOUBLE ARM,SUTURE OF LENGTH 60CM (8304 H)"
109,107144329,02265922,"SUTURE OF SIZE2- 0, VIOLET COLOUR SUTURE MATERIAL MADE OF GLYCOLIDE,DIOXANONE AND TRIMETHYLENE CARBONATE WITH 1/2 CIRCLE NEEDLE OF SIZE 26MM.SUTURE OF LENGTH 45 CM.VLOC LO625 .SUITABILITY AS PER ISO OR BIS OR FDA OR CE OR CDSCO APPROVAL.."
110,107144485,02265924,SKIN STAPLER - 35CLIPS
111,107150426,82264896,GTL_MEDICAL_PH.No.42147_SURGICAL_Synthetic Absorbable Suture No. O Monofilament Polydiaxone Knotless Tissue Closure Device 37mm 1/2 circle 45cm
112,107150529,02265900,"ENTERAL COLONIC FULLY COVERED STENT A) WITH FIXED CELL WITH BRAIDED CONSTRUCTION. B) SILICONE COVERING WITH SOFT ROUND ENDS. C) RETRIEVAL SUTURE TO REMOVE STENT. D) 4 RO MARKERS ON BOTH ENDS AND 2 IN THE MIDDLE. E) STENT DIAMETER 20MM AND 22MM. F) STENT LENGTH 6CM,8CM,10CM,12CM,14CM AND 15CM. G) DELIVERY PROFILE 10.5FR."
113,2026_PGIME_918371_1,Global Tender Enquiry Notice No. PI(EP)/26-27/G/01/06,"Radiofrequency cutting Coagulation and Vessel Sealing System, Standalone or Integrated with Bipolar Device with Hand Instruments for Open/ Laparoscopic Surgery"
114,107151683,02265957,"HEMORRHOIDAL CIRCULAR STAPLER, 1 SUTURE THREADER, 1 CIRCULAR ANAL DILATOR AND 1 PURSE-STRING SUTURE ANOSCOPE, 28 TITANIUM STAPLES OR MORE"
115,107151706,02265902,"A SPECIALLY FORMULATED N-BUTYL-2-CYANOACRYLATE-CONTAINS (I) ADHESIVE, (II) DISPENSER GUN, (III) CATHETER- 5FR, 91 CM, (IV) INTRODUCER- 7FR, 80CM, (V) DILATOR-5FR, 87CM, (VI) LUER LOCK SYRINGE-03 NOS, (VII) GUIDEWIRE-0.035INCH ,180CM, (VIII) DISPENSER TRIPS."