Emp Name ,Current Zoho Designation,State New,Head,Email ID
Ajeet Srivastava,Zonal Sales Manager,Uttar Pradesh,Ajeet Srivastava,Ajeet.Srivastava@merillife.com
Amit Kumar Srivastava,Regional Sales Manager,Uttar Pradesh1 & 2 - Diagno,Ajeet Srivastava,amit.srivastava@merillife.com
Anuj Kaushal,Area Sales Manager,Uttar Pradesh,Ajeet Srivastava,anuj.kaushal1@merillife.com
Vipul Srivastava,Regional Sales Manager,Uttar Pradesh 1- Endo & UK,Ajeet Srivastava,vipul.shrivastava@merillife.com
Kuldeep Singh Chauhan,Area Sales Manager,Uttar Pradesh,Ajeet Srivastava,kuldeep.chauhan@merillife.com
Amit Kumar Mishra,Senior Area Sales Manager,Bihar,Ajeet Srivastava,amitkumar.mishra@merillife.com
Shubham Raj,Area Sales Manager,Bihar,Ajeet Srivastava,Shubham.raj1@merillife.com
Neha Yadav,Area Sales Manager,Uttar Pradesh,Ajeet Srivastava,neha.yadav@merillife.com
Vaibhav Srivastava,Area Sales Manager,Uttar Pradesh,Ajeet Srivastava,vaibhav.srivastava@merillife.com
Anmol,CSR,Uttar Pradesh,Ajeet Srivastava,15405.anmol@merillife.com
Ajit Pratap Singh,Senior Area Sales Manager,Uttarakhand,Ajeet Srivastava,ajit.singh@merillife.com
Deepak Singh Bohra,Senior Area Sales Manager,Uttarakhand,Ajeet Srivastava,deepak.bohra@merillife.com
Vineet Semwal,Area Sales Manager,Uttarakhand,Ajeet Srivastava,vineet.semwal@merillife.com
Vacant,,Uttar Pradesh 2 Endo & Bihar,Ajeet Srivastava,
Ahmad Naved,Area Sales Manager,Uttar Pradesh 2 Endo & Bihar,Ajeet Srivastava,ahmad.naved@merillife.com
Shakti Singh Rao,Regional Sales Manager,Rajasthan,Ajeet Srivastava,shakti.rao@merillife.com
Umesh Gour,Area Sales Manager,Rajasthan,Ajeet Srivastava,umesh.gour@merillife.com
Jyoti Yadav,Area Sales Manager,Rajasthan,Ajeet Srivastava,jyoti.yadav@merillife.com
Omprakash Bairawa,Area Sales Manager,Rajasthan,Ajeet Srivastava,Omprakash.bairwa@merillife.com
Sachin Kumar,Area Sales Manager,Rajasthan,Ajeet Srivastava,sachin.kumar1@merillife.com
Deepak Kumar Agrawal,Deputy Zonal Sales Manager,Delhi,Deepak Kumar Agrawal,Pradeep.Tyagi@merillife.com
Arpit Jain,Regional Sales Manager,Delhi NCR,Deepak Kumar Agrawal,arpit.jain@merillife.com
Vivechana Rajawat,Territory Sales Manager,Delhi,Deepak Kumar Agrawal,vivechana.rajawat@merillife.com
Rohit Kumar,Area Sales Manager,Delhi,Deepak Kumar Agrawal,rohit.kumar3@merillife.com
Hirak Chowdhury,Area Sales Manager,Delhi,Deepak Kumar Agrawal,hirak.chowdhury@merillife.com
Raghav Bamba,Area Sales Manager,Delhi,Deepak Kumar Agrawal,raghav.bamba@merillife.com
Astha Kaushik,Area Sales Manager,Delhi,Deepak Kumar Agrawal,astha.kaushik@merillife.com
Mohit Kripal,Territory Sales Manager,Delhi,Deepak Kumar Agrawal,mohit.s@merillife.com
Saurav Joshi,Area Sales Manager,Delhi,Deepak Kumar Agrawal,saurav.joshi@merillife.com
Bhavdeep Singh,Deputy Regional Sales Manager,Delhi,Deepak Kumar Agrawal,
Kapil Arora,Zonal Sales Manager,Punjab,Kapil Arora,kapil.kumar@merillife.com
Nitin Pundir,Regional Sales Manager,"Chandigarh, Haryana & J&k",Kapil Arora,nitin.pundir@merillife.com
Rohit Kumar Chugh,Area Sales Manager,Haryana,Kapil Arora,rohit.kumar1@merillife.com
Madhurima Sharma,Senior Area Sales Manager,Chandigarh,Kapil Arora,madhurima.sharma1@merillife.com
Rohit Kumar,Deputy Regional Sales Manager,Punjab,Kapil Arora,rohit.kumar8@merillife.com
Bilal Ahmad Rah,Area Sales Manager,Jammu & Kashmir,Kapil Arora,bilal.rah@merillife.com
Irfan Ahmad Bhat,Area Sales Manager,Jammu & Kashmir,Kapil Arora,irfan.bhat@merillife.com
Mohit Jad,Area Sales Manager,Jammu & Kashmir,Kapil Arora,mohit.jad@merillife.com
Vacant,,Himachal Pradesh,Kapil Arora,
Tushar Vaid,Territory Sales Executive,Himachal Pradesh,Kapil Arora,tushar.vaid@merillife.com
Gaurav Nischal,Area Sales Manager,Punjab,Kapil Arora,gaurav.nischal@merillife.com
Sandeep Sharma ,Territory Sales Manager,Punjab,Kapil Arora,Sandeep.sharma3@merillife.com
Mangesh Chandurkar,Zonal Sales Manager,Maharashtra,Mangesh Chandurkar,mangesh.chandurkar@merillife.com
Bhargav Darji,Regional Sales Manager,"Maharashtra, Goa & GUJ",Mangesh Chandurkar,bhargav.darji@merillife.com
Abdul  Israr,Senior Area Sales Manager,Maharashtra,Mangesh Chandurkar,Abdul.Israr@merillife.com
Yogesh Gaonkar,Area Sales Manager,Maharashtra,Mangesh Chandurkar,yogesh.gaonkar@merillife.com
Pankaj Ganesh Rabde,Area Sales Manager,Maharashtra,Mangesh Chandurkar,pankaj.rabde1@merillife.com
Rahul Vijay Pendkalkar,Area Sales Manager,Maharashtra,Mangesh Chandurkar,rahul.pendkalkar@merillife.com
Uttambhai Jagdishbhai Vaghani,Area Sales Manager,Gujarat,Mangesh Chandurkar,uttam.vaghani@merillife.com
Shivshankar Pandey,Area Sales Manager,Chattisgarh & MP,Mangesh Chandurkar,shivshankar.pandey@merillife.com
Lalit Kumar Jhariya,Area Sales Manager,Chattisgarh,Mangesh Chandurkar,lalitkumar.jhariya@merillife.com
Ashutosh Kumar,Territory Sales Manager,Chattisgarh,Mangesh Chandurkar,ashutosh.chand@merillife.com
Rohit Dandotiya,Territory Sales Manager,Chattisgarh,Mangesh Chandurkar,rohit.dandotiya@merillife.com
Brijesh Prajapati,Area Sales Manager,MP,Mangesh Chandurkar,Brajesh.prajapati@merillife.com
Manojendra Das,Regional Sales Manager,"West Bengal 2, Assam & NE, Bhutan",Manojendra Das,manojendra.das@merillife.com
Dhrubajyoti Borah,Regional Sales Manager,Assam & NE,Manojendra Das,dhrubajyoti.borah@merillife.com
Mriganga Duwara,Area Sales Manager,Assam & NE,Manojendra Das,mriganga.duwara@merillife.com
Chinmoy Barman,Territory Sales Manager,Assam & NE,Manojendra Das,chinmoy.barman@merillife.com
Pinkie Khataniar Hasnu,Senior Area Sales Manager,Assam & NE,Manojendra Das,pinkie.khataniar@merillife.com
Saswata Mishra,Senior Area Sales Manager,West Bengal 2,Manojendra Das,Saswata.Mishra@merillife.com
Koushik Ghose,Regional Sales Manager,West Bengal 2,Manojendra Das,koushik.ghosh@merillife.com
Joyabrata Poddar ,Regional Sales Manager,"West Bengal 1, Tripura, Odisha",Joyabrata Poddar ,Joyabrata.Podder@merillife.com
Vacant (RSM Odisha),,Odisha,Joyabrata Poddar ,
Debasis Sahoo,Senior Area Sales Manager,Odisha,Joyabrata Poddar ,debasish.sahoo@merillife.com
Himansu Mohapatra,Territory Sales Manager,Odisha,Joyabrata Poddar ,himansu.mohapatra@merillife.com
Ashwini Kumar,yet to joined,Odisha,Joyabrata Poddar ,
Dharmendra Pati,yet to joined,Odisha,Joyabrata Poddar ,
Vacant (RSM WB & Tripura),,West Bengal 1,Joyabrata Poddar ,
Amitabha Sarkar,Area Sales Manager,Tripura,Joyabrata Poddar ,amitabha.sarkar@merillife.com
Payel Das,Territory Sales Manager,West Bengal 1,Joyabrata Poddar ,payel.das@merillife.com
Prasenjit Deb,Area Sales Manager,West Bengal 1,Joyabrata Poddar ,prasenjit.deb@merillife.com
Biswanath Saha,Senior Area Sales Manager,West Bengal 1,Joyabrata Poddar ,biswanath.saha@merillife.com
Yellesh M,Zonal Sales Manager,Telangana,Yellesh M,Yellesh.M@merillife.com
Naveen Kumar B R,Senior Area Sales Manager,Karnataka,Yellesh M,naveen.br@merillife.com 
Swetha Hazari,Senior Territory Sales Manager,Telangana,Yellesh M,swetha.hazari@merillife.com
Vikram Simha Reddy,Regional Sales Manager,"AP, Telangana, Tamil Nadu & Pudducherry",Yellesh M,vikram.reddy@merillife.com
Bommakanti Sai Prasad,Area Sales Manager,Telangana,Yellesh M,sai.prasad@merillife.com
Praveen Kumar Muthineni,Area Sales Manager,Telangana,Yellesh M,praveenkumar.muthineni@merillife.com
T Someswara Rao,Area Sales Manager,AP,Yellesh M,taddi.someswara@merillife.com
Kalimuthukumar B,Area Sales Manager,Tamil Nadu,Yellesh M,kalimuthukumar.b@merillife.com
J Priyanga,Area Sales Manager,Tamil Nadu,Yellesh M,priyanga.jegannathan@merillife.com
Kirti Yadav,yet to joined,Pudducherry,Yellesh M,
Vishnu J,Regional Sales Manager,Kerala & Karnataka,Yellesh M,vishnu.j@merillife.com
Vishnu K,Area Sales Manager,Kerala,Yellesh M,vishnu.k@merillife.com
Abhimanyu S Nair,Senior Territory Sales Manager,Kerala,Yellesh M,abhimanyu.nair@merillife.com
Anand A S,Territory Sales Manager,Kerala,Yellesh M,Anand.as@merillife.com
Sudeep M,Territory Sales Manager,Karnataka,Yellesh M,sudeep.m@merillife.com
Suresh R,Territory Sales Manager,Karnataka,Yellesh M,suresh.r@merillife.com
Darshan T,Territory Sales Manager,Karnataka,Yellesh M,darshan.t@merillife.com
Sneha V,Territory Sales Executive,Karnataka,Yellesh M,sneha.v@merillife.com
Ashish Hasija,Zonal Sales Manager,Maharashtra,Anjul Jain,ashish.hasija@merillife.com
Gelivi Kiran Kumar,AGM,Telangana,Anjul Jain,G.KiranKumar@merillife.com
Gourav Khajuria,Project Manager,Delhi,Anjul Jain,gourav.khajuria@merillife.com
Narinder Pal Singh,Regional Sales Manager,Jammu & Kashmir,Rana Nandy,narinder.singh1@merillife.com
Virendra Kumar,Regional Sales Manager,Himachal Pradesh,Rana Nandy,virendra.kumar@merillife.com
Jitendra Dubey,Regional Sales Manager,Uttar Pradesh 2 Endo & Bihar,Rana Nandy,jitendra.dubey@merillife.com
Praveen Kumar Mehra,Area Sales Manager,Madhya Pradesh,Rana Nandy,praveenkumar.mehara@merillife.com
Sunil Tripathi,Regional Sales Manager,Chattisgarh,Rana Nandy,sunil.tripathi@merillife.com
Snehalkumar  Dabhi,Regional Sales Manager,Gujarat,Rana Nandy,snehalkumar.dabhi@merillife.com
Velmurugan T,Senior Area Sales Manager,Tamil Nadu & pudducherry,Rana Nandy,velmurugan.t@merillife.com
Kaushik Misra,Area Sales Manager,Assam & NE,Rana Nandy,kaushik.misra@merillife.com
Arif Khan,Regional Sales Manager,Odisha,Rana Nandy,arif.khan@merillife.com
Hanumantha Rao,Deputy Zonal Sales Manager,Karnataka,Rana Nandy,hanumantha.rao@merillife.com
Yugeswar Kumar,Regional Sales Manager,Jharkhand,Rana Nandy,Yugeshwar.Kumar@merillife.com
Chandan Jha,Area Sales Manager,Jharkhand,Yugeswar Kumar,Chandan.jha@merillife.com
Sameer Anand,Area Sales Manager,Jharkhand,Yugeswar Kumar,sameer.anand@merillife.com
Ravikant Kumar,Senior Territory Sales Manager,Jharkhand,Yugeswar Kumar,ravi.kant@merillife.com
Shushil Kumar,CSR,Jharkhand,Yugeswar Kumar,
Deepak kumar Mohito,CSR,Jharkhand,Yugeswar Kumar,
Piyush Singh,CSR,Jharkhand,Yugeswar Kumar,
Vivek Kumar Singh,CSR,Jharkhand,Yugeswar Kumar,
Shanu Kumar Singh,CSR,Jharkhand,Yugeswar Kumar,
Kaushal Raj,CSR,Jharkhand,Yugeswar Kumar,
Smit Raj,CSR,Jharkhand,Yugeswar Kumar,
Ashutosh Kumar Singh,CSR,Jharkhand,Yugeswar Kumar,
Pintu Pandit,CSR,Jharkhand,Yugeswar Kumar,
Akasha Kumar,CSR,Jharkhand,Yugeswar Kumar,
Jyoti Agarwal,Project Manager,Delhi,Anjul Jain,jyoti.agarwal@merillife.com
Bhaskar S,BDM,Tamil Nadu & pudducherry,Anjul Jain,bhaskar.sekar@merillife.com
Prahllad Pujari,Project Manager,Telangana,Anjul Jain,jyoti.agarwal@merillife.com
Girish  Mhatre,Deputy General Manager,Maharashtra,Anjul Jain,girish.mhatre@merillife.com
Pradeep Tyagi,Zonal Sales Manager,Delhi,Anjul Jain,Pradeep.Tyagi@merillife.com
Wasim Jikkar,Deputy General Manager,Maharashtra,Anjul Jain,wasim.jikkar@merillife.com
Harish Gulati,DGM,Chandigarh,Harish Gulati,harish.gulati@merillife.com
Shaiju Varghese,AGM,Maharashtra,Shaiju Varghese,shaiju.varghese@merillife.com
Gaurav Aggarwal,DGM,Delhi,Rana Nandy,gaurav.aggarwal@merillife.com
Sayali Shewale,Executive,Maharashtra,Rana Nandy,sayali.shewale@merillife.com
Ramsha Safder Shaikh,Executive,Maharashtra,Rana Nandy,ramsha.shaikh@merillife.com
